--CUSTOMER Insert Statements
INSERT INTO CUSTOMER (CustID,Name,Contact,Email,IsActive,DateOfBirth,SSN,State,City,Address,Zipcode) VALUES
('CUST_0000000147','Jolene Vondrak',5204887605,'jvondrak42@apache.org',0,'1997-04-10',704080696,'Arizona','Tucson','4 Westport Lane','85720'),
('CUST_0000000133','Addia Batrip',2513146775,'abatrip3o@fc2.com',1,'1997-03-31',246115779,'Alabama','Mobile','26 Arrowood Center','36641'),
('CUST_0000000130','Florella Frobisher',7194685310,'ffrobisher3l@senate.gov',1,'1997-03-24',515488654,'Colorado','Colorado Springs','09 Anhalt Drive','80995'),
('CUST_0000000149','Jeth Rathke',3035616581,'jrathke44@cnet.com',1,'1997-03-22',678182961,'Colorado','Denver','17295 Moose Avenue','80241'),
('CUST_0000000118','Kellen Straughan',3341008198,'kstraughan39@comsenz.com',1,'1997-03-17',526328049,'Alabama','Montgomery','0703 Chinook Street','36114'),
('CUST_0000000116','Nanette Consterdine',6021556528,'nconsterdine37@about.me',1,'1997-03-14',700152607,'Arizona','Phoenix','1570 Carpenter Drive','85053'),
('CUST_0000000135','Leila McLoney',6027212425,'lmcloney3q@bluehost.com',0,'1997-03-06',299689243,'Arizona','Phoenix','53 Division Point','85053'),
('CUST_0000000103','Philomena Willmett',5205825904,'pwillmett2u@google.nl',0,'1997-02-27',809304940,'Arizona','Tucson','30 Iowa Alley','85715'),
('CUST_0000000106','Leola Fingleton',5202370886,'lfingleton2x@tuttocitta.it',0,'1997-02-23',809520522,'Arizona','Tucson','8443 Springview Drive','85754'),
('CUST_0000000131','Florance Stammers',6026324787,'fstammers3m@domainmarket.com',0,'1997-02-20',521017651,'Arizona','Glendale','5 Doe Crossing Drive','85311'),
('CUST_0000000134','Ingemar Chatelain',6023807919,'ichatelain3p@domainmarket.com',0,'1997-02-17',664869205,'Arizona','Phoenix','633 6th Parkway','85053'),
('CUST_0000000139','Fifine Sanday',6024052261,'fsanday3u@abc.net.au',0,'1997-02-16',417190963,'Arizona','Glendale','716 Oriole Way','85311'),
('CUST_0000000105','Hurlee Pinney',2053621368,'hpinney2w@answers.com',1,'1997-02-13',475080851,'Alabama','Birmingham','4827 Prairie Rose Alley','35295'),
('CUST_0000000124','Roana De Simoni',2053100794,'rde3f@msn.com',1,'1997-02-13',154373811,'Alabama','Birmingham','124 Porter Drive','35295'),
('CUST_0000000119','Dylan Gristhwaite',9707243295,'dgristhwaite3a@princeton.edu',1,'1997-01-15',845618110,'Colorado','Greeley','32 Comanche Street','80638'),
('CUST_0000000125','Codie Kamiyama',7193115106,'ckamiyama3g@skype.com',0,'1997-01-11',313060764,'Colorado','Colorado Springs','35608 Fuller Drive','80995'),
('CUST_0000000110','Emyle Loudian',2519877981,'eloudian31@digg.com',0,'1996-12-27',465753508,'Alabama','Mobile','1082 Hooker Point','36616'),
('CUST_0000000117','Ikey Leggin',9073486198,'ileggin38@google.pl',1,'1996-12-26',144550972,'Alaska','Fairbanks','5 Russell Trail','99790'),
('CUST_0000000145','Rick Moller',3039186972,'rmoller40@weather.com',0,'1996-12-15',239264126,'Colorado','Denver','3 Moulton Crossing','80241'),
('CUST_0000000108','Yoko Spreadbury',3039578143,'yspreadbury2z@upenn.edu',1,'1996-12-05',694222266,'Colorado','Boulder','0611 Kensington Court','80305'),
('CUST_0000000128','Oswald Nunson',5207868240,'onunson3j@linkedin.com',1,'1996-12-02',394302876,'Arizona','Tucson','6 Pawling Alley','85720'),
('CUST_0000000127','Jedediah Wager',2517505807,'jwager3i@gov.uk',0,'1996-11-22',213858292,'Alabama','Mobile','4 Ridgeway Drive','36689'),
('CUST_0000000129','Brenden Kochs',9071333988,'bkochs3k@washingtonpost.com',0,'1996-11-16',143369054,'Alaska','Anchorage','533 Butterfield Point','99512'),
('CUST_0000000111','Quint Tommasuzzi',2053193674,'qtommasuzzi32@free.fr',1,'1996-11-07',801824338,'Alabama','Birmingham','22 Hallows Center','35295'),
('CUST_0000000112','Svend Harfoot',6021637420,'sharfoot33@berkeley.edu',0,'1996-11-04',798093812,'Arizona','Tempe','0082 Manitowish Trail','85284'),
('CUST_0000000107','Enrichetta Bahia',3348688959,'ebahia2y@ehow.com',1,'1996-11-01',496886285,'Alabama','Montgomery','15439 Waubesa Drive','36114'),
('CUST_0000000143','Veronica Hutt',9072877155,'vhutt3y@istockphoto.com',0,'1996-10-26',133306785,'Alaska','Anchorage','2057 Merrick Trail','99512'),
('CUST_0000000123','Colas Scawton',7206519322,'cscawton3e@qq.com',1,'1996-10-22',209800085,'Colorado','Denver','1102 Monument Way','80235'),
('CUST_0000000104','Ben Lidstone',7204151326,'blidstone2v@ustream.tv',1,'1996-10-18',662281307,'Colorado','Littleton','583 Sloan Way','80127'),
('CUST_0000000101','Emili MacAskie',7198358636,'emacaskie2s@google.com.br',1,'1996-10-16',249704126,'Colorado','Pueblo','529 Gateway Street','81010'),
('CUST_0000000120','Serena Coggon',5205389104,'scoggon3b@baidu.com',0,'1996-10-12',502307837,'Arizona','Tucson','0199 Cardinal Hill','85732'),
('CUST_0000000148','Melantha Cristoforetti',7191725177,'mcristoforetti43@com.com',1,'1996-09-27',655421409,'Colorado','Colorado Springs','408 Thackeray Court','80995'),
('CUST_0000000113','Erl Jillitt',2512748473,'ejillitt34@state.tx.us',1,'1996-09-18',503776092,'Alabama','Mobile','4031 Hudson Terrace','36641'),
('CUST_0000000140','Moira Birtonshaw',5202622110,'mbirtonshaw3v@symantec.com',1,'1996-09-16',808230214,'Arizona','Tucson','26 Debra Crossing','85710'),
('CUST_0000000144','Stephenie Toland',2511453164,'stoland3z@msu.edu',1,'1996-09-06',882323472,'Alabama','Mobile','3108 Sloan Street','36641'),
('CUST_0000000132','Eddie Norfolk',7197462627,'enorfolk3n@wunderground.com',0,'1996-09-04',491498992,'Colorado','Colorado Springs','8 Express Place','80995'),
('CUST_0000000121','Elbert Pedler',4808912316,'epedler3c@adobe.com',1,'1996-08-26',266898971,'Arizona','Tempe','8 Logan Court','85284'),
('CUST_0000000114','Carolynn Minkin',5203344269,'cminkin35@yahoo.com',1,'1996-08-22',531063712,'Arizona','Tucson','645 Novick Plaza','85748'),
('CUST_0000000122','Quincey Sneath',3347379391,'qsneath3d@businessweek.com',1,'1996-08-19',331206329,'Alabama','Montgomery','954 Russell Road','36114'),
('CUST_0000000137','Marielle Beatens',4802326353,'mbeatens3s@typepad.com',1,'1996-08-18',586327501,'Arizona','Mesa','861 Redwing Crossing','85205'),
('CUST_0000000138','Lulu Leopold',3039971761,'lleopold3t@etsy.com',1,'1996-08-14',365652942,'Colorado','Denver','634 Vernon Court','80241'),
('CUST_0000000115','Cleon Tall',3035571374,'ctall36@bbc.co.uk',0,'1996-08-09',160352406,'Colorado','Denver','917 Sachs Court','80241'),
('CUST_0000000109','Dollie Curreen',6024882438,'dcurreen30@bandcamp.com',0,'1996-07-29',559355545,'Arizona','Phoenix','46 Sunnyside Alley','85053'),
('CUST_0000000141','Robinson Vaines',7198252567,'rvaines3w@odnoklassniki.ru',1,'1996-07-25',448519884,'Colorado','Colorado Springs','57215 Randy Junction','80995'),
('CUST_0000000136','Darb Beveridge',6027702907,'dbeveridge3r@scribd.com',0,'1996-07-17',327802707,'Arizona','Mesa','774 Washington Place','85205'),
('CUST_0000000142','Hieronymus Vearnals',7192930030,'hvearnals3x@discovery.com',1,'1996-07-10',494418941,'Colorado','Colorado Springs','5 Weeping Birch Pass','80995'),
('CUST_0000000146','Gib Henken',2564012507,'ghenken41@ezinearticles.com',1,'1996-05-28',208366064,'Alabama','Huntsville','9 Chive Place','35805'),
('CUST_0000000151','Francyne Spadaro',2569362621,'fspadaro46@typepad.com',1,'1996-04-28',400774085,'Alabama','Gadsden','3594 Brickson Park Crossing','35905'),
('CUST_0000000126','Bay Iremonger',3032818415,'biremonger3h@cbc.ca',1,'1996-04-20',385542643,'Colorado','Denver','8 Merrick Pass','80223'),
('CUST_0000000150','Kellsie Delhanty',3036133871,'kdelhanty45@deliciousdays.com',0,'1996-04-20',238995285,'Colorado','Denver','5405 Maple Road','80241'),
('CUST_0000000102','Judie Ascrofte',2051582940,'jascrofte2t@networksolutions.com',1,'1996-04-18',297039698,'Alabama','Birmingham','753 Parkside Center','35295'),
('CUST_00000004','Delmer Flood',7199115255,'dflood3@zimbio.com',0,'1970-03-22',367292101,'Colorado','Colorado Springs','1155 Dunning Alley','80995'),
('CUST_000000017','Kenyon Fiennes',9703436182,'kfiennesg@cbc.ca',0,'1970-03-03',761711117,'Colorado','Greeley','7889 Grim Pass','80638'),
('CUST_000000066','Gardener Coneybeare',5209254014,'gconeybeare1t@angelfire.com',1,'1970-02-27',317625777,'Arizona','Tucson','6 Center Plaza','85743'),
('CUST_00000009','Archibaldo Napleton',6025762686,'anapleton8@omniture.com',0,'1970-01-26',805170693,'Arizona','Glendale','96532 Shasta Terrace','85305'),
('CUST_000000029','Linoel Reade',7205174304,'lreades@cornell.edu',1,'1969-11-09',816090493,'Colorado','Denver','5 Bunting Circle','80223'),
('CUST_000000082','Travers Caghan',8089020427,'tcaghan29@canalblog.com',0,'1969-10-24',203858268,'Hawaii','Honolulu','2 Ronald Regan Lane','96825'),
('CUST_000000055','Davine Clutram',4801673846,'dclutram1i@purevolume.com',0,'1994-10-08',469327048,'Arizona','Phoenix','0568 Almo Terrace','85053'),
('CUST_000000068','Nowell Setterington',7208830361,'nsetterington1v@google.co.jp',1,'1994-05-20',188145661,'Colorado','Littleton','996 Valley Edge Alley','80126'),
('CUST_000000099','Bernadette Fitzsimmons',6024228153,'bfitzsimmons2q@state.gov',0,'1994-05-13',651274713,'Arizona','Glendale','3 Hoepker Center','85311'),
('CUST_000000010','Ella Tidbury',2516408109,'etidbury9@opensource.org',1,'1993-10-05',146328272,'Alabama','Mobile','656 Bobwhite Hill','36616'),
('CUST_000000039','Kain Yglesia',9284786767,'kyglesia12@themeforest.net',1,'1993-07-14',515187684,'Arizona','Prescott','04219 Westerfield Point','86305'),
('CUST_000000085','Joell Laville',7192903489,'jlaville2c@cyberchimps.com',1,'1993-05-18',856761326,'Colorado','Colorado Springs','22428 Straubel Park','80995'),
('CUST_00000007','Vanny Graffin',5202045504,'vgraffin6@ebay.co.uk',0,'1993-05-06',796897144,'Arizona','Tucson','6692 Schurz Way','85715'),
('CUST_000000080','Darrick Malby',8082904080,'dmalby27@indiegogo.com',0,'1993-05-05',809149487,'Hawaii','Honolulu','1942 Starling Pass','96825'),
('CUST_000000064','Angy Daulton',7199292203,'adaulton1r@comsenz.com',1,'1992-12-01',647510577,'Colorado','Colorado Springs','75208 Forster Avenue','80995'),
('CUST_000000079','Annice Himpson',9076775044,'ahimpson26@nsw.gov.au',1,'1992-10-13',289837104,'Alaska','Anchorage','29672 Logan Way','99512'),
('CUST_000000048','Clotilda Tunnock',6022953738,'ctunnock1b@tuttocitta.it',1,'1992-09-08',717219117,'Arizona','Phoenix','516 Pepper Wood Hill','85053'),
('CUST_000000077','Candra Cooney',6026709720,'ccooney24@sbwire.com',1,'1992-07-11',844619260,'Arizona','Mesa','84 Spenser Trail','85205'),
('CUST_000000045','Nikita Davisson',2056350886,'ndavisson18@drupal.org',0,'1992-05-15',655783489,'Alabama','Birmingham','30 Rockefeller Parkway','35295'),
('CUST_000000025','Tatum Fells',5204073843,'tfellso@shareasale.com',1,'1992-05-13',880122529,'Arizona','Tucson','19041 Porter Alley','85743'),
('CUST_000000053','Grata Gribbins',3344233140,'ggribbins1g@smh.com.au',1,'1992-04-20',213655748,'Alabama','Montgomery','0 Towne Road','36114'),
('CUST_000000026','Way Largan',8086336029,'wlarganp@ucla.edu',1,'1992-02-16',597660609,'Hawaii','Honolulu','3 Clyde Gallagher Pass','96825'),
('CUST_000000075','Cosme Shreenan',7196192270,'cshreenan22@shinystat.com',1,'1992-01-29',890511154,'Colorado','Colorado Springs','1 Spenser Terrace','80995'),
('CUST_000000018','Derron Eisenberg',2055438914,'deisenbergh@histats.com',1,'1992-01-25',810175793,'Alabama','Birmingham','063 Delladonna Lane','35295'),
('CUST_000000070','Frants Iskowicz',2518560908,'fiskowicz1x@lycos.com',0,'1991-12-27',457255015,'Alabama','Mobile','97 Heffernan Pass','36605'),
('CUST_000000091','Catrina Runham',2563947944,'crunham2i@si.edu',1,'1991-10-24',837069507,'Alabama','Huntsville','0937 Hintze Junction','35815'),
('CUST_000000057','Ainslee Lafoy',3039066584,'alafoy1k@ucsd.edu',1,'1991-07-07',556976340,'Colorado','Aurora','6725 Lyons Way','80044'),
('CUST_000000056','Waylen Zielinski',5206778379,'wzielinski1j@ovh.net',0,'1991-05-30',644109134,'Arizona','Tucson','8945 Merchant Point','85705'),
('CUST_000000020','Myra Lalor',3031022684,'mlalorj@economist.com',0,'1991-05-05',527895968,'Colorado','Denver','31039 Harper Drive','80243'),
('CUST_0000000100','Licha Imlacke',7204558922,'limlacke2r@bbb.org',1,'1991-02-21',301524435,'Colorado','Denver','72 Ridgeway Parkway','80209'),
('CUST_00000002','Bartholemy Towell',7193928088,'btowell1@sogou.com',0,'1990-10-25',633819651,'Colorado','Pueblo','8951 Barnett Drive','81005'),
('CUST_000000047','Daune Stocky',3038710267,'dstocky1a@alibaba.com',0,'1990-10-06',106210551,'Colorado','Denver','18855 Springs Way','80279'),
('CUST_000000065','Penrod Zavattiero',4805914527,'pzavattiero1s@ibm.com',0,'1990-06-09',879746049,'Arizona','Scottsdale','2623 Arapahoe Road','85260'),
('CUST_000000035','Cris Pic',7194603507,'cpicy@uol.com.br',0,'1990-01-29',243500529,'Colorado','Colorado Springs','529 Florence Avenue','80995'),
('CUST_000000013','Guillaume Massimo',3039842018,'gmassimoc@cargocollective.com',1,'1990-01-07',810980224,'Colorado','Aurora','82667 Kingsford Way','80044'),
('CUST_000000081','Kelsey Petre',9285517849,'kpetre28@guardian.co.uk',1,'1990-01-02',655413319,'Arizona','Peoria','1383 Hanson Lane','85383'),
('CUST_000000049','Sheffield McKellar',7201426441,'smckellar1c@illinois.edu',1,'1989-11-22',264517036,'Colorado','Denver','879 Kipling Court','80209'),
('CUST_000000072','Kain Jeyness',6028401932,'kjeyness1z@shinystat.com',1,'1989-08-10',635993792,'Arizona','Gilbert','22 Summerview Parkway','85297'),
('CUST_000000011','Andee Delos',5207416458,'adelosa@geocities.jp',1,'1989-07-20',602753992,'Arizona','Tucson','0937 School Pass','85748'),
('CUST_000000098','Harbert Goatman',2512264945,'hgoatman2p@sohu.com',1,'1988-12-20',818697824,'Alabama','Mobile','9 Superior Street','36670'),
('CUST_000000074','Ddene Colkett',2052490018,'dcolkett21@ihg.com',0,'1988-12-12',496709816,'Alabama','Tuscaloosa','68 Loftsgordon Pass','35405'),
('CUST_000000038','Wilmer Gregersen',2055421638,'wgregersen11@google.de',1,'1988-10-14',671926031,'Alabama','Birmingham','99 Blaine Junction','35295'),
('CUST_000000063','Ned Hollier',6021981561,'nhollier1q@about.me',1,'1988-10-01',483242802,'Arizona','Phoenix','3995 Moulton Place','85053'),
('CUST_00000005','Cordula Kinder',8088020611,'ckinder4@uiuc.edu',0,'1988-09-30',837240202,'Hawaii','Honolulu','4 New Castle Alley','96825'),
('CUST_000000052','Lucky Abramovitz',6027560582,'labramovitz1f@prnewswire.com',1,'1988-09-27',759724719,'Arizona','Phoenix','08 Daystar Way','85053'),
('CUST_000000060','Caroljean Corser',9071818730,'ccorser1n@ocn.ne.jp',1,'1988-09-05',881822314,'Alaska','Anchorage','5268 Springs Crossing','99512'),
('CUST_000000024','Link Whewell',4804770477,'lwhewelln@gmpg.org',1,'1988-06-02',723572193,'Arizona','Phoenix','78 Grayhawk Junction','85053'),
('CUST_000000061','Ardelle Corkell',3038664230,'acorkell1o@godaddy.com',1,'1988-01-13',153578262,'Colorado','Denver','2 Melvin Drive','80217'),
('CUST_000000040','Annora Mathivon',5208505040,'amathivon13@ihg.com',0,'1988-01-07',285783149,'Arizona','Tucson','89 Clemons Street','85710'),
('CUST_000000087','Reuben Pearman',8081252524,'rpearman2e@webeden.co.uk',0,'1987-12-04',429335828,'Hawaii','Honolulu','14147 Petterle Drive','96825'),
('CUST_00000001','Debor Stuer',3034770270,'dstuer0@admin.ch',0,'1987-11-18',743926784,'Colorado','Aurora','9 Doe Crossing Crossing','80044'),
('CUST_000000016','Elias Zapata',6023887615,'ezapataf@goodreads.com',0,'1987-10-17',387057304,'Arizona','Phoenix','342 Novick Alley','85053'),
('CUST_000000030','Rriocard Daubeny',8089197416,'rdaubenyt@themeforest.net',1,'1987-09-03',183466377,'Hawaii','Honolulu','059 Pond Street','96825'),
('CUST_000000096','Herbie McWhin',4805048664,'hmcwhin2n@chron.com',1,'1987-07-16',549600389,'Arizona','Chandler','9976 Grover Drive','85246'),
('CUST_000000062','Darcy Rodden',8081937751,'drodden1p@walmart.com',0,'1987-02-26',317353524,'Hawaii','Honolulu','826 Dahle Alley','96825'),
('CUST_000000022','Sybilla Markus',8083859354,'smarkusl@cnn.com',0,'1987-01-22',881686783,'Hawaii','Honolulu','0 Scott Point','96825'),
('CUST_000000028','Pete Payn',9079640152,'ppaynr@cargocollective.com',0,'1987-01-04',781873023,'Alaska','Fairbanks','51050 Dixon Way','99790'),
('CUST_000000092','Honey Housegoe',7194929090,'hhousegoe2j@google.co.jp',1,'1986-12-16',424265006,'Colorado','Colorado Springs','58077 Victoria Lane','80995'),
('CUST_000000036','Tamar Ellwell',6022295186,'tellwellz@pcworld.com',0,'1986-11-28',251889668,'Arizona','Phoenix','2 Del Mar Plaza','85053'),
('CUST_00000008','Maible Cator',6028681841,'mcator7@woothemes.com',0,'1986-11-23',129761422,'Arizona','Gilbert','187 Melvin Plaza','85297'),
('CUST_000000046','Jillie Tommei',7207247454,'jtommei19@smugmug.com',0,'1986-03-28',735164491,'Colorado','Denver','99 Hoepker Park','80228'),
('CUST_000000094','Vassili Beebis',4801423573,'vbeebis2l@purevolume.com',1,'1985-12-20',414199571,'Arizona','Scottsdale','3 Rowland Avenue','85260'),
('CUST_000000015','Allene Dayley',7204337045,'adayleye@feedburner.com',0,'1985-11-28',320614259,'Colorado','Denver','24359 Waubesa Point','80223'),
('CUST_000000073','Tally Medhurst',6027656361,'tmedhurst20@gizmodo.com',1,'1985-08-12',489859882,'Arizona','Tempe','3 Grim Way','85284'),
('CUST_000000071','Lurlene Colbourn',6024267556,'lcolbourn1y@who.int',0,'1985-05-17',424457117,'Arizona','Mesa','1170 Dexter Center','85210'),
('CUST_000000021','Keeley Gremane',3036313837,'kgremanek@gov.uk',1,'1985-03-13',460011021,'Colorado','Denver','90238 Brown Trail','80217'),
('CUST_000000078','Aimil Shimon',2514941674,'ashimon25@yale.edu',0,'1985-03-08',475082034,'Alabama','Mobile','929 Westend Terrace','36689'),
('CUST_000000083','Albertine Cochern',6023125188,'acochern2a@indiatimes.com',0,'1985-03-01',602800584,'Arizona','Phoenix','35 4th Parkway','85053'),
('CUST_000000050','Arni Dumingo',2052920983,'adumingo1d@typepad.com',0,'1985-02-11',174141243,'Alabama','Birmingham','5 Iowa Drive','35295'),
('CUST_000000084','Madelon Meece',7191103187,'mmeece2b@topsy.com',0,'1985-02-01',204038470,'Colorado','Colorado Springs','91871 Anthes Alley','80995'),
('CUST_000000058','Elle Hamilton',3039281504,'ehamilton1l@drupal.org',1,'1984-10-26',742608148,'Colorado','Denver','88537 Butternut Circle','80235'),
('CUST_000000095','Abbye Minnock',5207249727,'aminnock2m@merriamwebster.com',1,'1984-04-21',707590575,'Arizona','Prescott','2709 Spaight Street','86305'),
('CUST_000000042','Cherie Housam',9705387647,'chousam15@amazon.de',1,'1984-03-24',846575639,'Colorado','Fort Collins','650 Meadow Valley Center','80525'),
('CUST_000000037','Ravi Amber',2514431526,'ramber10@noaa.gov',0,'1984-02-28',179208236,'Alabama','Mobile','30296 Lunder Avenue','36689'),
('CUST_000000054','Humphrey McAlinden',3038672806,'hmcalinden1h@macromedia.com',0,'1983-11-21',180404181,'Colorado','Denver','5 Tennessee Hill','80291'),
('CUST_000000059','Mella Berkley',6029741501,'mberkley1m@marriott.com',1,'1983-10-23',209579851,'Arizona','Mesa','8980 Namekagon Court','85215'),
('CUST_000000034','Humphrey Spinola',6022267805,'hspinolax@amazon.de',1,'1983-08-14',300095688,'Arizona','Scottsdale','85810 Esker Court','85255'),
('CUST_000000051','Gerry Feedham',3032449150,'gfeedham1e@comsenz.com',1,'1983-05-22',470081890,'Colorado','Denver','93611 Tennyson Circle','80241'),
('CUST_000000093','Chas Flag',2561430985,'cflag2k@nymag.com',1,'1983-02-05',682565307,'Alabama','Huntsville','11 Golf Street','35895'),
('CUST_00000003','Nathanael Lenthall',3341831667,'nlenthall2@ocn.ne.jp',0,'1983-01-02',211013480,'Alabama','Montgomery','07 Fairfield Lane','36114'),
('CUST_000000044','Starlene Balthasar',2059825325,'sbalthasar17@linkedin.com',1,'1982-08-23',895070822,'Alabama','Birmingham','1226 Northport Parkway','35295'),
('CUST_000000027','Julian Currey',3038065526,'jcurreyq@meetup.com',1,'1982-07-23',581242766,'Colorado','Aurora','66922 Hooker Court','80045'),
('CUST_000000019','Tamar Bracey',2561418839,'tbraceyi@devhub.com',0,'1982-02-17',620656269,'Alabama','Huntsville','131 Morrow Lane','35810'),
('CUST_000000086','Noach Lampen',4809019761,'nlampen2d@diigo.com',1,'1982-01-21',402659930,'Arizona','Scottsdale','99183 International Avenue','85255'),
('CUST_000000014','Anselma Neames',9075083179,'aneamesd@naver.com',0,'1981-11-26',417523891,'Alaska','Anchorage','6 Comanche Circle','99512'),
('CUST_000000041','Ketti Spinks',9702970327,'kspinks14@woothemes.com',0,'1981-11-13',680867648,'Colorado','Grand Junction','5689 Service Park','81505'),
('CUST_000000069','Etheline Balme',3033530311,'ebalme1w@bluehost.com',1,'1981-11-08',661362791,'Colorado','Denver','830 Hooker Place','80228'),
('CUST_000000090','Fulton Hanshawe',2058751342,'fhanshawe2h@youtube.com',1,'1981-09-26',339660370,'Alabama','Birmingham','27449 Sunbrook Pass','35295'),
('CUST_00000006','Ada Songhurst',3034444882,'asonghurst5@goo.gl',1,'1981-09-22',411638561,'Colorado','Denver','25565 Jenna Lane','80255'),
('CUST_000000089','Torrie Dodgson',3039962167,'tdodgson2g@scientificamerican.com',0,'1981-08-27',468197845,'Colorado','Boulder','465 Fieldstone Hill','80305'),
('CUST_000000067','Nanette Rennie',3341674300,'nrennie1u@tinyurl.com',0,'1981-07-27',215377315,'Alabama','Montgomery','291 Reindahl Avenue','36114'),
('CUST_000000033','Dalenna Brumbye',7199488314,'dbrumbyew@foxnews.com',1,'1981-07-16',671568054,'Colorado','Colorado Springs','74541 Mallory Point','80995'),
('CUST_000000043','Jorie Brechin',2056076536,'jbrechin16@hud.gov',1,'1981-07-09',647905211,'Alabama','Birmingham','6267 Glendale Terrace','35295'),
('CUST_000000012','Eryn Stapells',7201396225,'estapellsb@hao123.com',1,'1981-06-02',618271859,'Colorado','Boulder','636 Petterle Plaza','80305'),
('CUST_000000076','Madella Scala',4803925878,'mscala23@furl.net',1,'1981-05-16',382939457,'Arizona','Phoenix','1070 Reinke Place','85053'),
('CUST_000000032','Currey Kaplan',2052557194,'ckaplanv@topsy.com',1,'1981-05-10',347275259,'Alabama','Birmingham','0642 Sullivan Point','35295'),
('CUST_000000031','Claudianus Langhorn',3034179858,'clanghornu@purevolume.com',1,'1981-03-30',419445201,'Colorado','Denver','323 Fairfield Terrace','80243'),
('CUST_000000023','Bernadene Geck',8089353800,'bgeckm@naver.com',1,'1981-02-08',798492199,'Hawaii','Honolulu','41 Union Hill','96825'),
('CUST_000000088','Miranda Pettengell',7195594946,'mpettengell2f@narod.ru',1,'1980-09-27',724459439,'Colorado','Colorado Springs','11696 Coolidge Drive','80995'),
('CUST_000000097','Edgard Braam',7197353279,'ebraam2o@arstechnica.com',1,'1980-06-20',144672694,'Colorado','Colorado Springs','4 Dapin Road','80995');


use DMDDFinalProject;

-- Insert commands for Account Table:
INSERT INTO Account (AccountID, CustID, Account_Type, Start_Date,  No_of_Consumers, IsActive, IsSubsidized) VALUES
('ACCT_00000001','CUST_00000001','PERSONAL','2020-01-10',1,1,1),
('ACCT_00000002','CUST_00000002','PERSONAL','2019-08-03',1,1,1),
('ACCT_00000003','CUST_00000003','PERSONAL','2019-08-30',1,1,1),
('ACCT_00000004','CUST_00000004','PERSONAL','2019-05-24',1,1,1),
('ACCT_00000005','CUST_00000005','PERSONAL','2019-05-24',1,1,1),
('ACCT_00000006','CUST_00000006','PERSONAL','2019-06-05',1,1,1),
('ACCT_00000007','CUST_00000007','PERSONAL','2020-01-09',1,1,1),
('ACCT_00000008','CUST_00000008','PERSONAL','2020-03-20',1,1,1),
('ACCT_00000009','CUST_00000009','PERSONAL','2019-06-20',1,1,1),
('ACCT_000000010','CUST_000000010','PERSONAL','2019-06-18',1,1,1),
('ACCT_000000011','CUST_000000011','PERSONAL','2019-06-09',1,1,1),
('ACCT_000000012','CUST_000000012','PERSONAL','2019-07-20',1,1,1),
('ACCT_000000013','CUST_000000013','PERSONAL','2020-11-04',2,1,0),
('ACCT_000000014','CUST_000000014','PERSONAL','2020-10-19',2,1,1),
('ACCT_000000015','CUST_000000015','PERSONAL','2019-05-27',2,1,0),
('ACCT_000000016','CUST_000000016','PERSONAL','2019-05-11',2,0,1),
('ACCT_000000017','CUST_000000017','PERSONAL','2020-04-04',2,1,0),
('ACCT_000000018','CUST_000000018','PERSONAL','2020-05-18',2,1,0),
('ACCT_000000019','CUST_000000019','PERSONAL','2020-09-12',2,1,0),
('ACCT_000000020','CUST_000000020','PERSONAL','2020-04-19',2,1,0),
('ACCT_000000021','CUST_000000021','PERSONAL','2020-08-11',3,1,0),
('ACCT_000000022','CUST_000000022','PERSONAL','2020-01-20',3,1,0),
('ACCT_000000023','CUST_000000023','PERSONAL','2021-04-07',3,1,1),
('ACCT_000000024','CUST_000000024','PERSONAL','2019-10-18',3,1,0),
('ACCT_000000025','CUST_000000025','PERSONAL','2020-12-08',3,1,0),
('ACCT_000000026','CUST_000000026','PERSONAL','2020-09-15',3,1,0),
('ACCT_000000027','CUST_000000027','PERSONAL','2020-11-15',3,1,0),
('ACCT_000000028','CUST_000000028','PERSONAL','2020-06-24',3,1,1),
('ACCT_000000029','CUST_000000029','PERSONAL','2021-03-05',3,1,0),
('ACCT_000000030','CUST_000000030','PERSONAL','2021-03-28',4,1,0),
('ACCT_000000031','CUST_000000031','PERSONAL','2020-05-28',4,1,0),
('ACCT_000000032','CUST_000000032','PERSONAL','2020-08-31',4,1,1),
('ACCT_000000033','CUST_000000033','PERSONAL','2020-05-09',4,1,0),
('ACCT_000000034','CUST_000000034','PERSONAL','2019-09-10',4,1,0),
('ACCT_000000035','CUST_000000035','PERSONAL','2020-08-03',5,1,0),
('ACCT_000000036','CUST_000000036','PERSONAL','2020-01-09',5,1,0),
('ACCT_000000037','CUST_000000037','PERSONAL','2020-01-20',5,1,0),
('ACCT_000000038','CUST_000000038','PERSONAL','2019-12-22',5,1,0),
('ACCT_000000039','CUST_000000039','PERSONAL','2020-01-09',5,1,0),
('ACCT_000000040','CUST_000000040','PERSONAL','2021-02-16',5,1,0),
('ACCT_000000041','CUST_000000041','PERSONAL','2020-06-29',5,1,0),
('ACCT_000000042','CUST_000000042','PERSONAL','2019-04-24',5,0,0),
('ACCT_000000043','CUST_000000043','PERSONAL','2019-07-10',5,1,0),
('ACCT_000000044','CUST_000000044','PERSONAL','2020-12-31',5,1,0),
('ACCT_000000045','CUST_000000045','PERSONAL','2019-10-07',6,1,0),
('ACCT_000000046','CUST_000000046','PERSONAL','2020-09-13',6,1,0),
('ACCT_000000047','CUST_000000047','PERSONAL','2020-04-08',6,1,0),
('ACCT_000000048','CUST_000000048','PERSONAL','2019-09-23',6,1,1),
('ACCT_000000049','CUST_000000049','PERSONAL','2020-03-26',6,1,0),
('ACCT_000000050','CUST_000000050','PERSONAL','2019-11-18',6,1,0),
('ACCT_000000051','CUST_000000051','PERSONAL','2020-03-29',6,1,0),
('ACCT_000000052','CUST_000000052','PERSONAL','2019-10-10',6,1,0),
('ACCT_000000053','CUST_000000053','PERSONAL','2020-01-14',6,1,0),
('ACCT_000000054','CUST_000000054','PERSONAL','2020-08-05',6,1,0),
('ACCT_000000055','CUST_000000055','PERSONAL','2020-09-18',6,1,0),
('ACCT_000000056','CUST_000000056','PERSONAL','2019-04-18',6,0,0),
('ACCT_000000057','CUST_000000057','PERSONAL','2020-06-12',6,1,0),
('ACCT_000000058','CUST_000000058','PERSONAL','2020-02-15',6,1,0),
('ACCT_000000059','CUST_000000059','PERSONAL','2020-05-01',6,1,0),
('ACCT_000000060','CUST_000000060','PERSONAL','2019-08-27',8,1,1),
('ACCT_000000061','CUST_000000061','PERSONAL','2020-07-15',8,1,1),
('ACCT_000000062','CUST_000000062','PERSONAL','2019-05-22',8,1,1),
('ACCT_000000063','CUST_000000063','PERSONAL','2020-07-05',8,1,1),
('ACCT_000000064','CUST_000000064','PERSONAL','2020-06-13',8,1,1),
('ACCT_000000065','CUST_000000065','PERSONAL','2019-12-03',8,1,1),
('ACCT_000000066','CUST_000000066','PERSONAL','2019-08-08',8,1,1),
('ACCT_000000067','CUST_000000067','PERSONAL','2020-06-03',8,1,1),
('ACCT_000000068','CUST_000000068','PERSONAL','2019-08-17',5,1,0),
('ACCT_000000069','CUST_000000069','PERSONAL','2020-02-29',5,1,0),
('ACCT_000000070','CUST_000000070','PERSONAL','2020-04-04',5,1,0),
('ACCT_000000071','CUST_000000071','PERSONAL','2019-06-16',5,1,0),
('ACCT_000000072','CUST_000000072','PERSONAL','2020-07-15',5,1,0),
('ACCT_000000073','CUST_000000073','PERSONAL','2020-01-13',5,1,0),
('ACCT_000000074','CUST_000000074','PERSONAL','2020-05-26',5,1,0),
('ACCT_000000075','CUST_000000075','PERSONAL','2019-04-14',5,0,0),
('ACCT_000000076','CUST_000000076','PERSONAL','2021-02-28',5,1,0),
('ACCT_000000077','CUST_000000077','PERSONAL','2020-06-17',5,1,0),
('ACCT_000000078','CUST_000000078','PERSONAL','2020-03-19',5,1,0),
('ACCT_000000079','CUST_000000079','PERSONAL','2020-03-12',5,1,0),
('ACCT_000000080','CUST_000000080','PERSONAL','2019-12-19',5,1,0),
('ACCT_000000081','CUST_000000081','PERSONAL','2021-02-07',2,1,0),
('ACCT_000000082','CUST_000000082','PERSONAL','2019-09-28',2,1,0),
('ACCT_000000083','CUST_000000083','PERSONAL','2020-01-01',2,1,0),
('ACCT_000000084','CUST_000000084','PERSONAL','2020-07-08',2,1,0),
('ACCT_000000085','CUST_000000085','PERSONAL','2021-01-09',2,1,0),
('ACCT_000000086','CUST_000000086','PERSONAL','2020-06-12',2,1,0),
('ACCT_000000087','CUST_000000087','PERSONAL','2021-02-03',2,1,0),
('ACCT_000000088','CUST_000000088','PERSONAL','2019-06-21',2,1,0),
('ACCT_000000089','CUST_000000089','PERSONAL','2021-02-21',4,1,0),
('ACCT_000000090','CUST_000000090','PERSONAL','2019-10-23',4,1,0),
('ACCT_000000091','CUST_000000091','PERSONAL','2019-09-01',4,1,0),
('ACCT_000000092','CUST_000000092','PERSONAL','2019-06-18',4,1,0),
('ACCT_000000093','CUST_000000093','PERSONAL','2020-03-02',4,1,0),
('ACCT_000000094','CUST_000000094','PERSONAL','2019-08-21',4,1,0),
('ACCT_000000095','CUST_000000095','PERSONAL','2019-11-28',4,1,0),
('ACCT_000000096','CUST_000000096','PERSONAL','2020-12-28',4,1,0),
('ACCT_000000097','CUST_000000097','PERSONAL','2020-12-10',4,1,0),
('ACCT_000000098','CUST_000000098','PERSONAL','2020-11-25',4,1,0),
('ACCT_000000099','CUST_000000099','PERSONAL','2020-09-12',4,1,0),
('ACCT_0000000100','CUST_0000000100','PERSONAL','2019-12-21',4,1,0),
('ACCT_0000000101','CUST_0000000101','PERSONAL','2020-01-29',4,1,0),
('ACCT_0000000102','CUST_0000000102','PERSONAL','2021-02-18',2,1,0),
('ACCT_0000000103','CUST_0000000103','PERSONAL','2021-03-05',2,1,0),
('ACCT_0000000104','CUST_0000000104','PERSONAL','2019-04-16',2,0,0),
('ACCT_0000000105','CUST_0000000105','PERSONAL','2020-02-14',2,1,0),
('ACCT_0000000106','CUST_0000000106','PERSONAL','2020-01-25',2,1,0),
('ACCT_0000000107','CUST_0000000107','PERSONAL','2019-08-02',2,1,0),
('ACCT_0000000108','CUST_0000000108','PERSONAL','2019-05-03',2,0,0),
('ACCT_0000000109','CUST_0000000109','PERSONAL','2019-05-30',2,1,0),
('ACCT_0000000110','CUST_0000000110','PERSONAL','2020-08-05',5,1,0),
('ACCT_0000000111','CUST_0000000111','PERSONAL','2021-01-19',5,1,0),
('ACCT_0000000112','CUST_0000000112','PERSONAL','2019-11-10',5,1,0),
('ACCT_0000000113','CUST_0000000113','PERSONAL','2020-08-23',5,1,0),
('ACCT_0000000114','CUST_0000000114','PERSONAL','2021-03-09',5,1,0),
('ACCT_0000000115','CUST_0000000115','PERSONAL','2019-10-15',5,1,0),
('ACCT_0000000116','CUST_0000000116','PERSONAL','2019-05-16',5,0,0),
('ACCT_0000000117','CUST_0000000117','PERSONAL','2021-04-06',5,1,0),
('ACCT_0000000118','CUST_0000000118','PERSONAL','2019-09-12',5,1,0),
('ACCT_0000000119','CUST_0000000119','PERSONAL','2019-07-27',5,1,0),
('ACCT_0000000120','CUST_0000000120','PERSONAL','2020-07-14',5,1,0),
('ACCT_0000000121','CUST_0000000121','PERSONAL','2020-09-14',5,1,0),
('ACCT_0000000122','CUST_0000000122','PERSONAL','2020-07-26',5,1,0),
('ACCT_0000000123','CUST_0000000123','PERSONAL','2020-12-29',5,1,0),
('ACCT_0000000124','CUST_0000000124','PERSONAL','2019-12-08',5,1,0),
('ACCT_0000000125','CUST_0000000125','PERSONAL','2020-05-13',5,1,0),
('ACCT_0000000126','CUST_0000000126','COMMERCIAL','2019-06-03',197,1,0),
('ACCT_0000000127','CUST_0000000127','COMMERCIAL','2019-10-26',163,1,0),
('ACCT_0000000128','CUST_0000000128','COMMERCIAL','2019-06-28',63,1,0),
('ACCT_0000000129','CUST_0000000129','COMMERCIAL','2019-12-04',141,1,0),
('ACCT_0000000130','CUST_0000000130','COMMERCIAL','2021-01-24',75,1,0),
('ACCT_0000000131','CUST_0000000131','COMMERCIAL','2019-11-15',103,1,0),
('ACCT_0000000132','CUST_0000000132','COMMERCIAL','2020-01-18',125,1,0),
('ACCT_0000000133','CUST_0000000133','COMMERCIAL','2020-11-20',70,1,0),
('ACCT_0000000134','CUST_0000000134','COMMERCIAL','2019-11-04',144,1,0),
('ACCT_0000000135','CUST_0000000135','COMMERCIAL','2019-11-09',66,1,0),
('ACCT_0000000136','CUST_0000000136','COMMERCIAL','2019-09-14',176,1,0),
('ACCT_0000000137','CUST_0000000137','COMMERCIAL','2020-05-04',75,1,0),
('ACCT_0000000138','CUST_0000000138','COMMERCIAL','2020-05-18',100,1,0),
('ACCT_0000000139','CUST_0000000139','COMMERCIAL','2020-06-10',146,1,0),
('ACCT_0000000140','CUST_0000000140','COMMERCIAL','2020-03-10',102,1,0),
('ACCT_0000000141','CUST_0000000141','COMMERCIAL','2019-08-26',70,1,0),
('ACCT_0000000142','CUST_0000000142','COMMERCIAL','2021-01-16',117,1,0),
('ACCT_0000000143','CUST_0000000143','COMMERCIAL','2019-11-21',153,1,0),
('ACCT_0000000144','CUST_0000000144','COMMERCIAL','2019-07-01',141,1,0),
('ACCT_0000000145','CUST_0000000145','COMMERCIAL','2019-05-16',181,0,0),
('ACCT_0000000146','CUST_0000000146','COMMERCIAL','2020-09-28',156,1,0),
('ACCT_0000000147','CUST_0000000147','COMMERCIAL','2021-04-05',163,1,0),
('ACCT_0000000148','CUST_0000000148','COMMERCIAL','2020-03-18',122,1,0),
('ACCT_0000000149','CUST_0000000149','COMMERCIAL','2020-03-09',63,1,0),
('ACCT_0000000150','CUST_0000000150','COMMERCIAL','2021-03-19',74,1,0)


-- Insert commands for CREW Table
INSERT INTO CREW (CrewID, Name, ContactNo, Date_Of_Joining, IsAvail, Address, State, City, Zipcode) VALUES
('CREW_00000001','Bride Bragginton',7572571451,'2017-04-17',1,'648 Briar Crest Court','VA','Norfolk','23520'),
('CREW_00000002','Koenraad Ivashintsov',7543446822,'2018-08-17',1,'9429 Sycamore Place','FL','Fort Lauderdale','33355'),
('CREW_00000003','Ruthi McCord',8308286477,'2017-03-28',1,'9 Old Shore Place','TX','San Antonio','78245'),
('CREW_00000004','Ruby Littlejohns',6122202484,'2017-03-23',1,'9373 Forest Parkway','MN','Minneapolis','55470'),
('CREW_00000005','Arvie Tripe',7172300133,'2018-02-19',1,'8983 Arizona Drive','PA','Harrisburg','17105'),
('CREW_00000006','Emylee Beardshaw',7542000492,'2017-12-14',1,'1718 Hauk Center','FL','Fort Lauderdale','33355'),
('CREW_00000007','Tobit Erskine Sandys',9186244837,'2018-03-08',1,'29 Park Meadow Alley','OK','Tulsa','74133'),
('CREW_00000008','Winny Horsley',3033128413,'2018-05-30',1,'362 Dahle Crossing','CO','Denver','80291'),
('CREW_00000009','Humfrey Rodgman',3033939565,'2017-04-07',1,'0459 Stang Park','CO','Aurora','80045'),
('CREW_000000010','Werner Lyddy',2148316322,'2017-05-30',1,'8938 Lakeland Alley','TX','Dallas','75372'),
('CREW_000000011','Herman Dyos',9131675162,'2017-10-06',1,'0827 Sachs Court','KS','Shawnee Mission','66286'),
('CREW_000000012','Louie Rawlinson',8169906741,'2017-12-20',1,'17 Waxwing Road','MO','Kansas City','64144'),
('CREW_000000013','Ty Liccardo',7654834085,'2017-03-05',1,'2015 Boyd Hill','IN','Anderson','46015'),
('CREW_000000014','Daffy Symington',9138491489,'2017-12-31',1,'54569 Ruskin Street','KS','Shawnee Mission','66215'),
('CREW_000000015','Marcile Kleinzweig',8123237615,'2017-05-23',1,'93 Browning Place','IN','Jeffersonville','47134'),
('CREW_000000016','Marian Ragsdale',8174400498,'2017-12-12',0,'341 Onsgard Road','TX','Fort Worth','76115'),
('CREW_000000017','Esta Weitzel',8143314640,'2018-05-14',0,'4 Sachs Circle','PA','Johnstown','15906'),
('CREW_000000018','Catherine Klulisek',3127070676,'2018-02-03',0,'8 Bellgrove Circle','IL','Chicago','60619'),
('CREW_000000019','Zollie Escoffier',8625900482,'2018-08-06',0,'61023 Sullivan Avenue','NJ','Newark','7195'),
('CREW_000000020','Nissy Taillant',3035666040,'2017-10-30',0,'1389 Steensland Drive','CO','Denver','80235'),
('CREW_000000021','Candi Hurry',5713316900,'2017-09-03',0,'57541 Debs Crossing','VA','Arlington','22217'),
('CREW_000000022','Broderick Bloxham',6126342167,'2018-05-05',0,'4 Jana Trail','MN','Minneapolis','55402'),
('CREW_000000023','Worthy Bunhill',5706490422,'2017-06-22',0,'706 Merrick Park','PA','Wilkes Barre','18763'),
('CREW_000000024','Kasey McQuaide',9158398266,'2018-04-21',0,'2634 Wayridge Pass','TX','El Paso','79945'),
('CREW_000000025','Cecilla Leggan',5026363287,'2017-05-21',0,'568 Kedzie Center','KY','Frankfort','40618'),
('CREW_000000026','Barney Reitenbach',2136428850,'2018-07-07',0,'2 Elmside Center','CA','Los Angeles','90065'),
('CREW_000000027','Sayer Trustey',2817878392,'2017-10-23',0,'62 Crest Line Court','TX','Houston','77050'),
('CREW_000000028','Carri McKennan',3022287054,'2017-12-03',0,'2581 Merry Alley','DE','Wilmington','19886'),
('CREW_000000029','Vincents Brownscombe',2157168553,'2018-03-06',0,'2 Schlimgen Court','PA','Philadelphia','19160'),
('CREW_000000030','Hymie Swanwick',4346828102,'2017-05-11',0,'797 Roth Road','VA','Lynchburg','24515')


-- Insert commands for WEATHER_EVENTS table
INSERT INTO WEATHER_EVENTS (EventID,Latitude,Longitude,Start_DateTime,End_DateTime,Event_Category) VALUES
('EVENT_00000001',42.3720518,-71.0861095,'2019-02-11 18:28:10','2019-02-11 18:43:33','Storm'),
('EVENT_00000002',38.567048,-121.746046,'2018-10-05 13:03:41','2018-10-05 13:14:41','Storm'),
('EVENT_00000003',34.414491,-117.375403,'2018-10-30 10:11:56','2018-10-30 12:22:12','Storm'),
('EVENT_00000004',38.1286407,-85.8678042,'2019-08-31 07:43:23','2019-08-31 09:54:30','Storm'),
('EVENT_00000005',36.0919353,-94.1065422,'2019-05-08 07:24:25','2019-05-08 07:36:34','Storm'),
('EVENT_00000006',33.8272706,-118.2302826,'2019-05-15 10:34:43','2019-05-15 12:49:49','Storm'),
('EVENT_00000007',36.080049,-86.601161,'2019-06-26 02:57:21','2019-06-26 04:09:23','Storm'),
('EVENT_00000008',39.139311,-76.72029,'2018-09-16 08:49:39','2018-09-16 10:02:41','Storm'),
('EVENT_00000009',39.191982,-76.6525659,'2018-09-13 07:56:55','2018-09-13 08:17:19','Storm'),
('EVENT_000000010',31.9901877,-81.1070672,'2019-03-05 05:40:00','2019-03-05 05:50:29','Storm'),
('EVENT_000000011',38.989466,-120.883108,'2019-08-16 09:41:13','2019-08-16 10:55:21','Hail'),
('EVENT_000000012',42.032505,-71.177186,'2018-12-27 16:54:43','2018-12-27 18:08:52','Hail'),
('EVENT_000000013',32.363883,-86.333247,'2018-11-15 20:39:35','2018-11-15 21:50:39','Hail'),
('EVENT_000000014',42.6946519,-71.0008529,'2019-03-10 21:46:17','2019-03-10 22:59:40','Hail'),
('EVENT_000000015',30.176365,-85.666253,'2018-10-05 17:00:11','2018-10-05 23:10:20','Rain'),
('EVENT_000000016',36.026888,-86.7576629,'2018-09-02 00:40:14','2018-09-02 00:53:33','Rain'),
('EVENT_000000017',32.376833,-86.274161,'2019-04-01 01:16:00','2019-04-01 03:28:18','Rain'),
('EVENT_000000018',36.053922,-94.1973008,'2018-11-16 00:07:01','2018-11-16 02:21:25','Lightning'),
('EVENT_000000019',32.0243075,-81.2468102,'2018-11-16 18:05:58','2018-11-16 19:19:16','Lightning'),
('EVENT_000000020',36.950901,-122.046881,'2019-05-05 04:36:27','2019-05-05 04:50:46','Lightning'),
('EVENT_000000021',35.994914,-94.185867,'2019-07-21 07:12:34','2019-07-21 07:23:34','Lightning'),
('EVENT_000000022',41.756758,-72.493501,'2018-11-05 12:09:09','2018-11-05 14:21:17','Lightning'),
('EVENT_000000023',38.215781,-85.653981,'2019-06-29 09:42:24','2019-06-29 10:54:32','Lightning'),
('EVENT_000000024',37.6992001,-121.8703701,'2019-08-04 20:40:56','2019-08-04 22:52:09','Lightning'),
('EVENT_000000025',36.1404897,-86.7695179,'2019-04-01 14:41:52','2019-04-01 15:52:01','Others'),
('EVENT_000000026',36.088205,-94.1074905,'2019-04-10 21:14:08','2019-04-10 23:25:11','Others'),
('EVENT_000000027',61.2058945,-149.8158624,'2019-07-10 12:53:20','2019-07-10 15:03:35','Others'),
('EVENT_000000028',32.341347,-86.148678,'2018-09-25 00:19:06','2018-09-25 01:32:28','Others'),
('EVENT_000000029',42.759847,-71.157721,'2019-06-01 15:02:54','2019-06-01 16:18:00','Others'),
('EVENT_000000030',38.244527,-85.569128,'2018-12-26 13:02:37','2018-12-26 15:13:00','Others');


-- Insert commands for EQUIPMENT_LOCATION table
INSERT INTO EQUIPMENT_LOCATION (latitude, longitude, state, city, address, zipcode) VALUES
(42.3720518,-71.0861095,'Colorado','Aurora','9 Doe Crossing Crossing',80044),
(38.567048,-121.746046,'Colorado','Pueblo','8951 Barnett Drive',81005),
(34.414491,-117.375403,'Alabama','Montgomery','07 Fairfield Lane',36114),
(38.1286407,-85.8678042,'Colorado','Colorado Springs','1155 Dunning Alley',80995),
(36.0919353,-94.1065422,'Hawaii','Honolulu','4 New Castle Alley',96825),
(33.8272706,-118.2302826,'Colorado','Denver','25565 Jenna Lane',80255),
(36.080049,-86.601161,'Arizona','Tucson','6692 Schurz Way',85715),
(39.139311,-76.72029,'Arizona','Gilbert','187 Melvin Plaza',85297),
(39.191982,-76.6525659,'Arizona','Glendale','96532 Shasta Terrace',85305),
(31.9901877,-81.1070672,'Alabama','Mobile','656 Bobwhite Hill',36616),
(38.989466,-120.883108,'Arizona','Tucson','0937 School Pass',85748),
(42.032505,-71.177186,'Colorado','Boulder','636 Petterle Plaza',80305),
(32.363883,-86.333247,'Colorado','Aurora','82667 Kingsford Way',80044),
(42.6946519,-71.0008529,'Alaska','Anchorage','6 Comanche Circle',99512),
(30.176365,-85.666253,'Colorado','Denver','24359 Waubesa Point',80223),
(36.026888,-86.7576629,'Arizona','Phoenix','342 Novick Alley',85053),
(32.376833,-86.274161,'Colorado','Greeley','7889 Grim Pass',80638),
(36.053922,-94.1973008,'Alabama','Birmingham','063 Delladonna Lane',35295),
(32.0243075,-81.2468102,'Alabama','Huntsville','131 Morrow Lane',35810),
(36.950901,-122.046881,'Colorado','Denver','31039 Harper Drive',80243),
(35.994914,-94.185867,'Colorado','Denver','90238 Brown Trail',80217),
(41.756758,-72.493501,'Hawaii','Honolulu','0 Scott Point',96850),
(38.215781,-85.653981,'Hawaii','Honolulu','41 Union Hill',96835),
(37.6992001,-121.8703701,'Arizona','Phoenix','78 Grayhawk Junction',85040),
(36.1404897,-86.7695179,'Arizona','Tucson','19041 Porter Alley',85743),
(36.088205,-94.1074905,'Hawaii','Honolulu','3 Clyde Gallagher Pass',96810),
(61.2058945,-149.8158624,'Colorado','Aurora','66922 Hooker Court',80045),
(32.341347,-86.148678,'Alaska','Fairbanks','51050 Dixon Way',99790),
(42.759847,-71.157721,'Colorado','Denver','5 Bunting Circle',80223),
(38.244527,-85.569128,'Hawaii','Honolulu','059 Pond Street',96845),
(43.4731793,-72.4967532,'Colorado','Denver','323 Fairfield Terrace',80243),
(61.170902,-149.904782,'Alabama','Birmingham','0642 Sullivan Point',35242),
(39.07549,-108.474785,'Colorado','Colorado Springs','74541 Mallory Point',80905),
(33.096851,-86.846577,'Arizona','Scottsdale','85810 Esker Court',85255),
(38.887255,-76.983185,'Colorado','Colorado Springs','529 Florence Avenue',80945),
(30.223294,-85.589715,'Arizona','Phoenix','2 Del Mar Plaza',85045),
(36.0807929,-94.2066449,'Alabama','Mobile','30296 Lunder Avenue',36689),
(42.082262,-72.488113,'Alabama','Birmingham','99 Blaine Junction',35295),
(37.67869,-122.117142,'Arizona','Prescott','04219 Westerfield Point',86305),
(61.1528869,-149.889133,'Arizona','Tucson','89 Clemons Street',85710),
(32.113199,-81.148934,'Colorado','Grand Junction','5689 Service Park',81505),
(32.327464,-86.440116,'Colorado','Fort Collins','650 Meadow Valley Center',80525),
(35.469752,-94.364987,'Alabama','Birmingham','6267 Glendale Terrace',35244),
(39.814056,-105.046913,'Alabama','Birmingham','1226 Northport Parkway',35295),
(30.2207276,-85.6808795,'Alabama','Birmingham','30 Rockefeller Parkway',35285),
(38.9158933,-77.0962873,'Colorado','Denver','99 Hoepker Park',80228),
(39.806211,-105.084446,'Colorado','Denver','18855 Springs Way',80279),
(30.189702,-85.808411,'Arizona','Phoenix','516 Pepper Wood Hill',85067),
(38.2402351,-85.7603112,'Colorado','Denver','879 Kipling Court',80209),
(38.886615,-76.9845349,'Alabama','Birmingham','5 Iowa Drive',35285),
(38.784451,-76.541255,'Colorado','Denver','93611 Tennyson Circle',80241),
(38.9149499,-77.0117026,'Arizona','Phoenix','08 Daystar Way',85083),
(38.8388931,-77.0201114,'Alabama','Montgomery','0 Towne Road',36125),
(33.5450005,-112.191417,'Colorado','Denver','5 Tennessee Hill',80291),
(35.7016024,-97.4912627,'Arizona','Phoenix','0568 Almo Terrace',85040),
(33.5488732,-112.1565998,'Arizona','Tucson','8945 Merchant Point',85705),
(36.079411,-94.240031,'Colorado','Aurora','6725 Lyons Way',80045),
(32.32403,-86.148401,'Colorado','Denver','88537 Butternut Circle',80235),
(36.0619602,-94.169777,'Arizona','Mesa','8980 Namekagon Court',85215)


-- Insert commands for the EQUIPMENT_LIST table
INSERT INTO EQUIPMENT_LIST (EquipmentID, equipment_name, equipment_type, equipment_category, latitude, longitude) VALUES
('EQUIP_00000001','Connector_001','Connector','UG',42.3720518,-71.0861095),
('EQUIP_00000002','Substation_001','Substation','OG',38.567048,-121.746046),
('EQUIP_00000003','Pole_001','Pole','OH',34.414491,-117.375403),
('EQUIP_00000004','Meter_001','Meter','UG',38.1286407,-85.8678042),
('EQUIP_00000005','Substation_002','Substation','OG',36.0919353,-94.1065422),
('EQUIP_00000006','Pole_002','Pole','OH',33.8272706,-118.2302826),
('EQUIP_00000007','Meter_002','Meter','UG',36.080049,-86.601161),
('EQUIP_00000008','Pole_003','Pole','OH',39.139311,-76.72029),
('EQUIP_00000009','Meter_003','Meter','UG',39.191982,-76.6525659),
('EQUIP_000000010','Substation_003','Substation','OG',31.9901877,-81.1070672),
('EQUIP_000000011','AClineSegment_001','AC line segment','OH',38.989466,-120.883108),
('EQUIP_000000012','Switch_001','Switch','OH',42.032505,-71.177186),
('EQUIP_000000013','Transformer_001','Transformer','OG',32.363883,-86.333247),
('EQUIP_000000014','Connector_002','Connector','UG',42.6946519,-71.0008529),
('EQUIP_000000015','Pole_004','Pole','OH',30.176365,-85.666253),
('EQUIP_000000016','Substation_004','Substation','OG',36.026888,-86.7576629),
('EQUIP_000000017','AClineSegment_002','AC line segment','OH',32.376833,-86.274161),
('EQUIP_000000018','Switch_002','Switch','OH',36.053922,-94.1973008),
('EQUIP_000000019','Substation_005','Substation','OG',32.0243075,-81.2468102),
('EQUIP_000000020','Connector_003','Connector','UG',36.950901,-122.046881),
('EQUIP_000000021','Meter_004','Meter','UG',35.994914,-94.185867),
('EQUIP_000000022','Pole_005','Pole','OH',41.756758,-72.493501),
('EQUIP_000000023','Substation_006','Substation','OG',38.215781,-85.653981),
('EQUIP_000000024','Switch_003','Switch','OH',37.6992001,-121.8703701),
('EQUIP_000000025','AClineSegment_003','AC line segment','OH',36.1404897,-86.7695179),
('EQUIP_000000026','Switch_004','Switch','OH',36.088205,-94.1074905),
('EQUIP_000000027','Pole_006','Pole','OH',61.2058945,-149.8158624),
('EQUIP_000000028','AClineSegment_004','AC line segment','OH',32.341347,-86.148678),
('EQUIP_000000029','Substation_007','Substation','OG',42.759847,-71.157721),
('EQUIP_000000030','Connector_004','Connector','UG',38.244527,-85.569128),
('EQUIP_000000031','Meter_005','Meter','UG',43.4731793,-72.4967532),
('EQUIP_000000032','Transformer_002','Transformer','OG',61.170902,-149.904782),
('EQUIP_000000033','Switch_005','Switch','OH',39.07549,-108.474785),
('EQUIP_000000034','AClineSegment_005','AC line segment','OH',33.096851,-86.846577),
('EQUIP_000000035','Meter_006','Meter','UG',38.887255,-76.983185),
('EQUIP_000000036','Substation_008','Substation','OG',30.223294,-85.589715),
('EQUIP_000000037','Transformer_003','Transformer','OG',36.0807929,-94.2066449),
('EQUIP_000000038','Pole_007','Pole','OH',42.082262,-72.488113),
('EQUIP_000000039','Connector_005','Connector','UG',37.67869,-122.117142),
('EQUIP_000000040','Substation_009','Substation','OG',61.1528869,-149.889133),
('EQUIP_000000041','Meter_007','Meter','UG',32.113199,-81.148934),
('EQUIP_000000042','Transformer_004','Transformer','OG',32.327464,-86.440116),
('EQUIP_000000043','AClineSegment_006','AC line segment','OH',35.469752,-94.364987),
('EQUIP_000000044','Pole_008','Pole','OH',39.814056,-105.046913),
('EQUIP_000000045','Connector_006','Connector','UG',30.2207276,-85.6808795),
('EQUIP_000000046','Transformer_005','Transformer','OG',38.9158933,-77.0962873),
('EQUIP_000000047','Substation_010','Substation','OG',39.806211,-105.084446),
('EQUIP_000000048','Switch_007','Switch','OH',30.189702,-85.808411),
('EQUIP_000000049','Pole_009','Pole','OH',38.2402351,-85.7603112),
('EQUIP_000000050','Transformer_006','Transformer','OG',38.886615,-76.9845349),
('EQUIP_000000051','Connector_007','Connector','UG',38.784451,-76.541255),
('EQUIP_000000052','Substation_011','Substation','OG',38.9149499,-77.0117026),
('EQUIP_000000053','Pole_010','Pole','OH',38.8388931,-77.0201114),
('EQUIP_000000054','Transformer_007','Transformer','OG',33.5450005,-112.191417),
('EQUIP_000000055','Meter_008','Meter','UG',35.7016024,-97.4912627),
('EQUIP_000000056','Substation_012','Substation','OG',33.5488732,-112.1565998),
('EQUIP_000000057','Switch_006','Switch','OH',36.079411,-94.240031),
('EQUIP_000000058','Connector_008','Connector','UG',32.32403,-86.148401),
('EQUIP_000000059','Transformer_008','Transformer','OG',36.0619602,-94.169777)



-- Insert commands for EQUIPMENT_INSTALLATION table
INSERT INTO EQUIPMENT_INSTALLATION (installation_datetime, EquipmentID, installed_by_crew, next_maintanence_date) VALUES
('2019-03-14 10:35:37','EQUIP_00000001','CREW_00000002','2023-02-03 22:29:01.937'),
('2018-12-12 17:15:04','EQUIP_00000002','CREW_000000015','2022-09-05 12:15:58.937'),
('2018-12-30 15:03:29','EQUIP_00000003','CREW_000000020','2023-06-14 07:20:45.937'),
('2019-02-06 13:14:32','EQUIP_00000004','CREW_000000024','2022-10-08 14:29:13.937'),
('2019-01-04 03:36:10','EQUIP_00000005','CREW_000000029','2023-06-02 06:29:42.937'),
('2019-02-15 19:36:18','EQUIP_00000006','CREW_000000013','2022-12-29 20:05:12.937'),
('2018-11-21 17:31:43','EQUIP_00000007','CREW_000000012','2023-02-10 23:00:48.937'),
('2019-08-12 05:07:04','EQUIP_00000008','CREW_000000015','2022-10-10 14:36:36.937'),
('2018-09-17 10:23:53','EQUIP_00000009','CREW_000000026','2022-11-25 17:46:19.937'),
('2019-05-20 17:44:28','EQUIP_000000010','CREW_000000011','2022-10-12 14:47:56.937'),
('2019-03-26 14:04:52','EQUIP_000000011','CREW_000000029','2023-01-26 21:59:26.937'),
('2019-05-18 06:40:44','EQUIP_000000012','CREW_000000010','2023-01-21 21:36:53.937'),
('2019-01-19 11:48:37','EQUIP_000000013','CREW_000000029','2023-02-02 22:26:36.937'),
('2019-03-29 01:12:14','EQUIP_000000014','CREW_000000030','2023-06-30 08:22:32.937'),
('2019-02-21 13:39:40','EQUIP_000000015','CREW_000000012','2023-05-15 05:18:03.937'),
('2019-05-02 08:21:17','EQUIP_000000016','CREW_00000003','2023-03-18 01:20:36.937'),
('2019-06-02 14:24:21','EQUIP_000000017','CREW_000000019','2022-10-17 15:07:40.937'),
('2018-10-01 12:15:06','EQUIP_000000018','CREW_000000017','2023-06-05 06:40:34.937'),
('2019-01-19 21:09:13','EQUIP_000000019','CREW_00000004','2023-02-16 23:22:59.937'),
('2018-09-23 13:14:04','EQUIP_000000020','CREW_000000024','2022-09-13 12:49:30.937'),
('2019-03-14 20:51:02','EQUIP_000000021','CREW_00000008','2023-07-31 10:30:00.937'),
('2019-06-06 01:58:31','EQUIP_000000022','CREW_000000027','2023-04-30 04:16:17.937'),
('2018-12-29 02:29:51','EQUIP_000000023','CREW_000000014','2023-06-30 08:24:56.937'),
('2019-07-29 18:02:07','EQUIP_000000024','CREW_000000021','2022-06-22 19:34:23.937'),
('2018-10-21 20:25:49','EQUIP_000000025','CREW_00000005','2022-05-29 13:55:10.937'),
('2018-11-24 06:09:49','EQUIP_000000026','CREW_00000006','2022-05-16 19:09:29.937'),
('2019-07-30 01:56:05','EQUIP_000000027','CREW_000000014','2023-01-28 22:05:21.937'),
('2019-02-13 15:16:43','EQUIP_000000028','CREW_000000013','2023-08-12 11:20:19.937'),
('2019-04-24 10:44:37','EQUIP_000000029','CREW_000000010','2023-04-06 02:39:01.937'),
('2019-07-09 20:06:33','EQUIP_000000030','CREW_000000027','2023-04-22 03:41:54.937'),
('2019-04-01 19:54:50','EQUIP_000000031','CREW_000000010','2022-09-12 12:43:02.937'),
('2019-07-23 19:19:42','EQUIP_000000032','CREW_00000003','2023-03-23 01:43:30.937'),
('2018-11-16 16:26:19','EQUIP_000000033','CREW_00000007','2023-08-11 11:14:53.937'),
('2019-06-06 04:47:34','EQUIP_000000034','CREW_00000003','2022-08-24 11:26:01.937'),
('2019-01-10 21:47:42','EQUIP_000000035','CREW_000000021','2023-05-25 05:56:44.937'),
('2019-05-31 15:45:32','EQUIP_000000036','CREW_000000015','2022-09-15 12:58:37.937'),
('2018-11-23 07:19:06','EQUIP_000000037','CREW_00000005','2023-02-27 00:02:34.937'),
('2019-06-18 20:52:22','EQUIP_000000038','CREW_000000012','2023-06-06 06:46:40.937'),
('2018-11-20 17:17:14','EQUIP_000000039','CREW_00000004','2022-10-31 16:04:11.937'),
('2019-04-09 01:19:37','EQUIP_000000040','CREW_000000013','2022-12-15 19:05:18.937'),
('2018-11-11 23:12:43','EQUIP_000000041','CREW_000000016','2022-10-12 14:47:35.937'),
('2018-10-27 14:44:55','EQUIP_000000042','CREW_000000028','2022-10-25 15:40:19.937'),
('2019-04-23 08:08:20','EQUIP_000000043','CREW_00000007','2023-05-10 04:58:14.937'),
('2018-12-27 08:00:03','EQUIP_000000044','CREW_000000021','2022-11-05 16:24:20.937'),
('2019-07-13 19:16:29','EQUIP_000000045','CREW_000000017','2022-12-27 19:57:11.937'),
('2019-01-09 07:03:40','EQUIP_000000046','CREW_000000023','2022-12-19 19:23:49.937'),
('2018-10-03 00:12:15','EQUIP_000000047','CREW_000000016','2023-02-11 23:02:11.937'),
('2018-10-07 15:40:31','EQUIP_000000048','CREW_00000005','2022-12-03 18:19:48.937'),
('2019-08-20 02:21:47','EQUIP_000000049','CREW_000000019','2023-05-20 05:37:56.937'),
('2018-11-07 12:50:40','EQUIP_000000050','CREW_000000026','2022-09-19 13:13:55.937'),
('2019-05-31 03:55:42','EQUIP_000000051','CREW_000000014','2023-06-01 06:26:04.937'),
('2019-08-04 20:40:56','EQUIP_000000052','CREW_00000006','2022-10-13 14:51:17.937'),
('2019-04-01 14:41:52','EQUIP_000000053','CREW_00000002','2022-12-05 18:25:13.937'),
('2019-04-10 21:14:08','EQUIP_000000054','CREW_000000028','2022-12-14 19:01:33.937'),
('2019-07-10 12:53:20','EQUIP_000000055','CREW_000000020','2022-10-29 15:55:28.937'),
('2018-09-25 00:19:06','EQUIP_000000056','CREW_000000011','2023-06-14 07:18:20.937'),
('2019-06-01 15:02:54','EQUIP_000000057','CREW_000000028','2023-05-10 04:58:14.937'),
('2018-12-26 13:02:37','EQUIP_000000058','CREW_000000011','2022-09-13 12:50:00.937'),
('2019-02-10 09:45:14','EQUIP_000000059','CREW_000000024','2023-01-19 21:29:49.937')



-- Insert commands for EQUIPMENT_REPAIRS table
INSERT INTO EQUIPMENT_REPAIRS (EquipmentID, eventid, status, repair_datetime) VALUES
('EQUIP_000000033','EVENT_00000003','Completed','2018-11-01 10:11:56'),
('EQUIP_000000042','EVENT_00000004','Completed','2019-09-01 07:43:23'),
('EQUIP_000000050','EVENT_00000005','Completed','2019-05-07 07:24:25'),
('EQUIP_00000004','EVENT_00000006','Completed','2019-05-16 10:34:43'),
('EQUIP_000000032','EVENT_00000007','Completed','2019-06-27 02:57:21'),
('EQUIP_000000011','EVENT_00000008','Completed','2018-09-17 08:49:39'),
('EQUIP_000000056','EVENT_00000009','Completed','2018-09-15 07:56:55'),
('EQUIP_00000009','EVENT_000000013','Completed','2018-11-16 20:39:35'),
('EQUIP_000000054','EVENT_000000014','Completed','2019-03-12 21:46:17'),
('EQUIP_000000048','EVENT_000000019','Completed','2018-11-18 18:05:58'),
('EQUIP_000000055','EVENT_000000020','Completed','2019-05-07 04:36:27'),
('EQUIP_00000007','EVENT_000000021','Completed','2019-07-23 07:12:34'),
('EQUIP_000000023','EVENT_000000022','Completed','2018-11-07 12:09:09'),
('EQUIP_000000020','EVENT_000000023','Completed','2019-06-30 09:42:24'),
('EQUIP_000000058','EVENT_000000026','In Progress',NULL),
('EQUIP_000000015','EVENT_000000027','In Progress',NULL),
('EQUIP_000000043','EVENT_000000028','In Progress',NULL),
('EQUIP_000000038','EVENT_000000029','Not Started',NULL);


-- Insert commands to add to the OUTAGES table
INSERT INTO OUTAGES (OutageID,EquipmentID,EventID,Start_Time,End_Time,Priority,Outage_Type,ZipCode) VALUES
('OUTAGE_00000001',NULL,'EVENT_00000001','2019-02-11 20:45:00','2019-02-11 23:50:00',1,'Planned','80995'),
('OUTAGE_00000002',NULL,'EVENT_00000001','2019-02-11 20:45:00','2019-02-11 21:45:00',2,'Planned','85053'),
('OUTAGE_00000003','EQUIP_000000033','EVENT_00000001','2019-02-11 19:23:00','2019-02-11 23:35:00',1,'Unplanned','35295'),
('OUTAGE_00000004','EQUIP_000000042','EVENT_000000010','2019-03-05 07:43:23','2019-03-05 07:43:23',1,'Unplanned','96825'),
('OUTAGE_00000005','EQUIP_000000050','EVENT_000000010','2019-03-05 05:42:00','2019-03-05 06:25:00',1,'Unplanned','36114'),
('OUTAGE_00000006','EQUIP_00000004','EVENT_000000010','2019-03-05 05:42:00','2019-03-05 05:52:00',1,'Unplanned','80241'),
('OUTAGE_00000007','EQUIP_000000032','EVENT_000000010','2019-03-05 05:42:00','2019-03-05 06:12:00',1,'Planned','99512'),
('OUTAGE_00000008','EQUIP_000000011','EVENT_000000010','2019-03-05 05:42:00','2019-03-05 06:05:00',1,'Planned','85284'),
('OUTAGE_00000009','EQUIP_000000056','EVENT_000000012','2018-12-27 16:54:43','2018-12-27 17:45:43',1,'Unplanned','85311'),
('OUTAGE_000000010',NULL,'EVENT_000000012','2018-12-27 17:08:43','2018-12-27 18:22:43',2,'Unplanned','85710'),
('OUTAGE_000000011',NULL,'EVENT_000000012','2018-12-27 17:01:43','2018-12-27 17:22:43',2,'Planned','85748'),
('OUTAGE_000000012',NULL,'EVENT_000000012','2018-12-27 18:07:43','2018-12-27 18:54:43',3,'Planned','80305'),
('OUTAGE_000000013','EQUIP_00000009','EVENT_000000012','2018-12-27 17:54:43','2018-12-27 19:30:43',3,'Planned','80044'),
('OUTAGE_000000014','EQUIP_000000054','EVENT_000000015','2018-10-05 17:21:00','2018-10-05 17:45:00',3,'Planned','99512'),
('OUTAGE_000000015',NULL,'EVENT_000000015','2018-10-05 18:05:00','2018-10-05 20:07:00',3,'Planned','80223'),
('OUTAGE_000000016',NULL,'EVENT_000000015','2018-10-05 19:52:00','2018-10-05 20:00:00',3,'Unplanned','85053'),
('OUTAGE_000000017',NULL,'EVENT_000000015','2018-10-05 18:49:00','2018-10-05 19:43:00',3,'Unplanned','80638'),
('OUTAGE_000000018',NULL,'EVENT_000000015','2018-10-05 17:33:00','2018-10-05 22:59:00',3,'Planned','35295'),
('OUTAGE_000000019','EQUIP_000000048','EVENT_000000015','2018-10-05 17:46:00','2018-10-05 18:22:00',3,'Planned','35810'),
('OUTAGE_000000020','EQUIP_000000055','EVENT_000000015','2018-10-05 17:05:00','2018-10-05 23:09:00',1,'Planned','80243'),
('OUTAGE_000000021','EQUIP_00000007','EVENT_000000015','2018-10-05 17:00:00','2018-10-05 20:10:00',1,'Planned','80217'),
('OUTAGE_000000022','EQUIP_000000023','EVENT_000000015','2018-10-05 18:00:00','2018-10-05 19:00:00',1,'Planned','96850'),
('OUTAGE_000000023','EQUIP_000000020','EVENT_000000022','2018-11-05 13:09:09','2018-11-05 14:09:09',1,'Unplanned','96835'),
('OUTAGE_000000024',NULL,'EVENT_000000022','2018-11-05 12:49:09','2018-11-05 15:24:09',1,'Unplanned','85040'),
('OUTAGE_000000025',NULL,'EVENT_000000022','2018-11-05 12:14:09','2018-11-05 13:45:09',1,'Unplanned','85743'),
('OUTAGE_000000026','EQUIP_000000058','EVENT_000000022','2018-11-05 13:29:09','2018-11-05 15:19:09',1,'Unplanned','96810'),
('OUTAGE_000000027','EQUIP_000000015','EVENT_000000027','2019-07-10 13:07:20','2019-07-10 14:56:20',1,'Unplanned','80045'),
('OUTAGE_000000028','EQUIP_000000043','EVENT_000000027','2019-07-10 13:27:20','2019-07-10 13:57:20',1,'Planned','99790'),
('OUTAGE_000000029','EQUIP_000000038','EVENT_000000027','2019-07-10 14:05:20','2019-07-10 14:56:20',1,'Planned','80223'),
('OUTAGE_000000030',NULL,'EVENT_000000027','2019-07-10 13:52:20','2019-07-10 14:07:20',1,'Planned','96845')

-- Insert commands for ACCOUNT_EQUIPMENT table
INSERT INTO ACCOUNT_EQUIPMENT (AccountID, EquipmentID, Installation_Price) VALUES
('ACCT_00000001','EQUIP_000000033',2121),
('ACCT_00000002','EQUIP_000000042',2230),
('ACCT_00000003','EQUIP_000000050',4572),
('ACCT_00000004','EQUIP_00000004',4023),
('ACCT_00000005','EQUIP_000000032',1946),
('ACCT_00000006','EQUIP_000000011',3485),
('ACCT_00000007','EQUIP_000000056',3192),
('ACCT_00000008','EQUIP_00000009',3522),
('ACCT_00000009','EQUIP_000000054',3568),
('ACCT_000000010','EQUIP_000000048',4698),
('ACCT_000000011','EQUIP_000000055',3090),
('ACCT_000000012','EQUIP_00000007',1956),
('ACCT_000000013','EQUIP_000000023',4499),
('ACCT_000000014','EQUIP_000000020',1448),
('ACCT_000000015','EQUIP_000000058',2327),
('ACCT_000000016','EQUIP_000000015',2095),
('ACCT_000000017','EQUIP_000000043',3023),
('ACCT_000000018','EQUIP_000000038',4501),
('ACCT_000000019','EQUIP_000000024',4127),
('ACCT_000000020','EQUIP_000000025',3022),
('ACCT_000000021','EQUIP_000000026',2759),
('ACCT_000000022','EQUIP_000000027',2806),
('ACCT_000000023','EQUIP_000000028',3284),
('ACCT_000000024','EQUIP_000000045',1532),
('ACCT_000000025','EQUIP_000000014',2094),
('ACCT_000000026','EQUIP_00000008',1458),
('ACCT_000000027','EQUIP_000000018',4049),
('ACCT_000000028','EQUIP_000000047',3730),
('ACCT_000000029','EQUIP_000000037',3530),
('ACCT_000000030','EQUIP_000000029',4760),
('ACCT_000000031','EQUIP_000000033',2121),
('ACCT_000000032','EQUIP_000000042',2230),
('ACCT_000000033','EQUIP_000000050',4572),
('ACCT_000000034','EQUIP_00000004',4023),
('ACCT_000000035','EQUIP_000000032',1946),
('ACCT_000000036','EQUIP_000000011',3485),
('ACCT_000000037','EQUIP_000000056',3192),
('ACCT_000000038','EQUIP_00000009',3522),
('ACCT_000000039','EQUIP_000000054',3568),
('ACCT_000000040','EQUIP_000000048',4698),
('ACCT_000000041','EQUIP_000000055',3090),
('ACCT_000000042','EQUIP_00000007',1956),
('ACCT_000000043','EQUIP_000000023',4499),
('ACCT_000000044','EQUIP_000000020',1448),
('ACCT_000000045','EQUIP_000000058',2327),
('ACCT_000000046','EQUIP_000000015',2095),
('ACCT_000000047','EQUIP_000000043',3023),
('ACCT_000000048','EQUIP_000000038',4501),
('ACCT_000000049','EQUIP_000000024',4127),
('ACCT_000000050','EQUIP_000000025',3022),
('ACCT_000000051','EQUIP_000000026',2759),
('ACCT_000000052','EQUIP_000000027',2806),
('ACCT_000000053','EQUIP_000000028',3284),
('ACCT_000000054','EQUIP_000000045',1532),
('ACCT_000000055','EQUIP_000000014',2094),
('ACCT_000000056','EQUIP_00000008',1458),
('ACCT_000000057','EQUIP_000000018',4049),
('ACCT_000000058','EQUIP_000000047',3730),
('ACCT_000000059','EQUIP_000000037',3530),
('ACCT_000000060','EQUIP_000000029',4760),
('ACCT_000000061','EQUIP_000000033',2121),
('ACCT_000000062','EQUIP_000000042',2230),
('ACCT_000000063','EQUIP_000000050',4572),
('ACCT_000000064','EQUIP_00000004',4023),
('ACCT_000000065','EQUIP_000000032',1946),
('ACCT_000000066','EQUIP_000000011',3485),
('ACCT_000000067','EQUIP_000000056',3192),
('ACCT_000000068','EQUIP_00000009',3522),
('ACCT_000000069','EQUIP_000000054',3568),
('ACCT_000000070','EQUIP_000000048',4698),
('ACCT_000000071','EQUIP_000000055',3090),
('ACCT_000000072','EQUIP_00000007',1956),
('ACCT_000000073','EQUIP_000000023',4499),
('ACCT_000000074','EQUIP_000000020',1448),
('ACCT_000000075','EQUIP_000000058',2327),
('ACCT_000000076','EQUIP_000000015',2095),
('ACCT_000000077','EQUIP_000000043',3023),
('ACCT_000000078','EQUIP_000000038',4501),
('ACCT_000000079','EQUIP_000000024',4127),
('ACCT_000000080','EQUIP_000000025',3022),
('ACCT_000000081','EQUIP_000000026',2759),
('ACCT_000000082','EQUIP_000000027',2806),
('ACCT_000000083','EQUIP_000000028',3284),
('ACCT_000000084','EQUIP_000000045',1532),
('ACCT_000000085','EQUIP_000000014',2094),
('ACCT_000000086','EQUIP_00000008',1458),
('ACCT_000000087','EQUIP_000000018',4049),
('ACCT_000000088','EQUIP_000000047',3730),
('ACCT_000000089','EQUIP_000000037',3530),
('ACCT_000000090','EQUIP_000000029',4760),
('ACCT_000000091','EQUIP_000000033',2121),
('ACCT_000000092','EQUIP_000000042',2230),
('ACCT_000000093','EQUIP_000000050',4572),
('ACCT_000000094','EQUIP_00000004',4023),
('ACCT_000000095','EQUIP_000000032',1946),
('ACCT_000000096','EQUIP_000000011',3485),
('ACCT_000000097','EQUIP_000000056',3192),
('ACCT_000000098','EQUIP_00000009',3522),
('ACCT_000000099','EQUIP_000000054',3568),
('ACCT_0000000100','EQUIP_000000048',4698),
('ACCT_0000000101','EQUIP_000000055',3090),
('ACCT_0000000102','EQUIP_00000007',1956),
('ACCT_0000000103','EQUIP_000000023',4499),
('ACCT_0000000104','EQUIP_000000020',1448),
('ACCT_0000000105','EQUIP_000000058',2327),
('ACCT_0000000106','EQUIP_000000015',2095),
('ACCT_0000000107','EQUIP_000000043',3023),
('ACCT_0000000108','EQUIP_000000038',4501),
('ACCT_0000000109','EQUIP_000000024',4127),
('ACCT_0000000110','EQUIP_000000025',3022),
('ACCT_0000000111','EQUIP_000000026',2759),
('ACCT_0000000112','EQUIP_000000027',2806),
('ACCT_0000000113','EQUIP_000000028',3284),
('ACCT_0000000114','EQUIP_000000045',1532),
('ACCT_0000000115','EQUIP_000000014',2094),
('ACCT_0000000116','EQUIP_00000008',1458),
('ACCT_0000000117','EQUIP_000000018',4049),
('ACCT_0000000118','EQUIP_000000047',3730),
('ACCT_0000000119','EQUIP_000000037',3530),
('ACCT_0000000120','EQUIP_000000029',4760),
('ACCT_0000000121','EQUIP_000000033',2121),
('ACCT_0000000122','EQUIP_000000042',2230),
('ACCT_0000000123','EQUIP_000000050',4572),
('ACCT_0000000124','EQUIP_00000004',4023),
('ACCT_0000000125','EQUIP_000000032',1946),
('ACCT_0000000126','EQUIP_000000011',3485),
('ACCT_0000000127','EQUIP_000000056',3192),
('ACCT_0000000128','EQUIP_00000009',3522),
('ACCT_0000000129','EQUIP_000000054',3568),
('ACCT_0000000130','EQUIP_000000048',4698),
('ACCT_0000000131','EQUIP_000000055',3090),
('ACCT_0000000132','EQUIP_00000007',1956),
('ACCT_0000000133','EQUIP_000000023',4499),
('ACCT_0000000134','EQUIP_000000020',1448),
('ACCT_0000000135','EQUIP_000000058',2327),
('ACCT_0000000136','EQUIP_000000015',2095),
('ACCT_0000000137','EQUIP_000000043',3023),
('ACCT_0000000138','EQUIP_000000038',4501),
('ACCT_0000000139','EQUIP_000000024',4127),
('ACCT_0000000140','EQUIP_000000025',3022),
('ACCT_0000000141','EQUIP_000000026',2759),
('ACCT_0000000142','EQUIP_000000027',2806),
('ACCT_0000000143','EQUIP_000000028',3284),
('ACCT_0000000144','EQUIP_000000045',1532),
('ACCT_0000000145','EQUIP_000000014',2094),
('ACCT_0000000146','EQUIP_00000008',1458),
('ACCT_0000000147','EQUIP_000000018',4049),
('ACCT_0000000148','EQUIP_000000047',3730),
('ACCT_0000000149','EQUIP_000000037',3530),
('ACCT_0000000150','EQUIP_000000029',4760)


-- Insert commands for CUSTOMER_COMPLAINTS table
INSERT INTO CUSTOMER_COMPLAINTS (ComplaintID, CustID, Comments, Complaint_Type, OutageID) VALUES
('COMPLAINT_00000001','CUST_00000001','My power is gone','Outage','OUTAGE_00000003'),
('COMPLAINT_00000002','CUST_00000002','Please fix power','Outage','OUTAGE_00000004'),
('COMPLAINT_00000003','CUST_00000003','Power is not there','Outage','OUTAGE_00000005'),
('COMPLAINT_00000004','CUST_00000004','Please fix power ASAP','Outage','OUTAGE_00000006'),
('COMPLAINT_00000005','CUST_00000005','No power in my area','Outage','OUTAGE_00000007'),
('COMPLAINT_00000006','CUST_00000006','Help ASAP','Outage','OUTAGE_00000008'),
('COMPLAINT_00000007','CUST_00000007','Need power','Outage','OUTAGE_00000009'),
('COMPLAINT_00000008','CUST_00000008','Lights all out','Outage','OUTAGE_000000013'),
('COMPLAINT_00000009','CUST_00000009','Please help','Outage','OUTAGE_000000014'),
('COMPLAINT_000000010','CUST_000000010','Help needed','Outage','OUTAGE_000000019'),
('COMPLAINT_000000011','CUST_000000011','Please restore power','Outage','OUTAGE_000000020'),
('COMPLAINT_000000012','CUST_000000012','Restore power ASAP','Outage','OUTAGE_000000021'),
('COMPLAINT_000000013','CUST_000000013','Power Out','Outage','OUTAGE_000000022'),
('COMPLAINT_000000014','CUST_000000014','Shocks experienced','Equipment Down','OUTAGE_000000023'),
('COMPLAINT_000000015','CUST_000000015','Power out','Equipment Down','OUTAGE_000000026'),
('COMPLAINT_000000016','CUST_000000016','Power Out','Equipment Down','OUTAGE_000000027'),
('COMPLAINT_000000017','CUST_000000017','Transformer burned down','Equipment Down','OUTAGE_000000028'),
('COMPLAINT_000000018','CUST_000000018','Substation fire','Equipment Down','OUTAGE_000000029'),
('COMPLAINT_000000019','CUST_000000019','Help with power','Equipment Down',NULL),
('COMPLAINT_000000020','CUST_000000020','My power is gone','Equipment Down',NULL),
('COMPLAINT_000000021','CUST_000000021','Electric pole fell down','Equipment Down',NULL),
('COMPLAINT_000000022','CUST_000000022','Voltage fluctuating','Equipment Down',NULL),
('COMPLAINT_000000023','CUST_000000023','Help needed to restore power','Equipment Down',NULL),
('COMPLAINT_000000024','CUST_000000024','Pole down','Equipment Down',NULL),
('COMPLAINT_000000025','CUST_000000025','Tree fell on Transformer','Equipment Down',NULL),
('COMPLAINT_000000026','CUST_000000026','Transformer sparks','Equipment Down',NULL),
('COMPLAINT_000000027','CUST_000000027','Bill amount too high','Feedback',NULL),
('COMPLAINT_000000028','CUST_000000028','Meter keeps recording zero','Feedback',NULL),
('COMPLAINT_000000029','CUST_000000029','Bill amount too high','Feedback',NULL),
('COMPLAINT_000000030','CUST_000000030','Meter needs replacement','Feedback',NULL)


-- Insert commands for CREW_ASSIGNMENTS table
INSERT INTO CREW_ASSIGNMENTS (CrewID, OutageID, AssignedDateTime) VALUES
('CREW_00000001','OUTAGE_00000001','2019-02-11 20:55:00'),
('CREW_00000002','OUTAGE_00000002','2019-02-11 21:05:00'),
('CREW_00000003','OUTAGE_00000003','2019-02-11 19:33:00'),
('CREW_00000004','OUTAGE_00000004','2019-03-05 07:57:23'),
('CREW_00000005','OUTAGE_00000005','2019-03-05 05:58:00'),
('CREW_00000006','OUTAGE_00000006','2019-03-05 06:04:00'),
('CREW_00000007','OUTAGE_00000007','2019-03-05 06:12:00'),
('CREW_00000008','OUTAGE_00000008','2019-03-05 06:02:00'),
('CREW_00000009','OUTAGE_00000009','2018-12-27 17:12:43'),
('CREW_000000010','OUTAGE_000000010','2018-12-27 17:24:43'),
('CREW_000000011','OUTAGE_000000011','2018-12-27 17:51:43'),
('CREW_000000012','OUTAGE_000000012','2018-12-27 18:27:43'),
('CREW_000000013','OUTAGE_000000013','2018-12-27 18:13:43'),
('CREW_000000014','OUTAGE_000000014','2018-10-05 17:44:00'),
('CREW_000000015','OUTAGE_000000015','2018-10-05 18:35:00'),
('CREW_000000014','OUTAGE_000000012','2019-02-11 20:55:00'),
('CREW_000000014','OUTAGE_000000015','2019-02-11 21:05:00'),
('CREW_000000013','OUTAGE_00000001','2019-02-11 20:55:00'),
('CREW_00000001','OUTAGE_00000002','2019-02-11 21:05:00'),
('CREW_000000010','OUTAGE_00000003','2019-02-11 19:33:00'),
('CREW_000000011','OUTAGE_00000004','2019-03-05 07:57:23'),
('CREW_00000002','OUTAGE_00000005','2019-03-05 05:58:00'),
('CREW_00000003','OUTAGE_00000006','2019-03-05 06:04:00'),
('CREW_00000004','OUTAGE_00000007','2019-03-05 06:12:00'),
('CREW_00000005','OUTAGE_00000008','2019-03-05 06:02:00'),
('CREW_000000013','OUTAGE_00000009','2018-12-27 17:12:43'),
('CREW_00000009','OUTAGE_000000010','2018-12-27 17:24:43'),
('CREW_00000001','OUTAGE_000000011','2018-12-27 17:51:43'),
('CREW_00000002','OUTAGE_000000012','2018-12-27 18:27:43'),
('CREW_00000005','OUTAGE_000000013','2018-12-27 18:13:43')





-- Insert commands into METER_READING table
INSERT INTO METER_READING VALUES ('MREAD_00000001','ACCT_00000001',111,'2021-11-08','2021-12-08','Active','2021-12-08 18:03:10')
INSERT INTO METER_READING VALUES ('MREAD_00000002','ACCT_00000002',135,'2021-11-08','2021-12-08','Active','2021-12-08 18:33:49')
INSERT INTO METER_READING VALUES ('MREAD_00000003','ACCT_00000003',36,'2021-11-08','2021-12-08','Active','2021-12-08 08:05:30')
INSERT INTO METER_READING VALUES ('MREAD_00000004','ACCT_00000004',121,'2021-11-08','2021-12-08','Active','2021-12-08 05:33:59')
INSERT INTO METER_READING VALUES ('MREAD_00000005','ACCT_00000005',24,'2021-11-08','2021-12-08','Active','2021-12-08 15:27:18')
INSERT INTO METER_READING VALUES ('MREAD_00000006','ACCT_00000006',148,'2021-11-08','2021-12-08','Active','2021-12-08 01:18:59')
INSERT INTO METER_READING VALUES ('MREAD_00000007','ACCT_00000007',108,'2021-11-08','2021-12-08','Active','2021-12-08 03:27:52')
INSERT INTO METER_READING VALUES ('MREAD_00000008','ACCT_00000008',0,'2021-11-08','2021-12-08','Inactive','2021-12-08 08:12:52')
INSERT INTO METER_READING VALUES ('MREAD_00000009','ACCT_00000009',120,'2021-11-08','2021-12-08','Active','2021-12-08 13:15:55')
INSERT INTO METER_READING VALUES ('MREAD_00000010','ACCT_000000010',156,'2021-11-08','2021-12-08','Active','2021-12-08 12:54:51')
INSERT INTO METER_READING VALUES ('MREAD_00000011','ACCT_000000011',272,'2021-11-08','2021-12-08','Active','2021-12-08 20:14:00')
INSERT INTO METER_READING VALUES ('MREAD_00000012','ACCT_000000012',26,'2021-11-08','2021-12-08','Active','2021-12-08 07:47:38')
INSERT INTO METER_READING VALUES ('MREAD_00000013','ACCT_000000013',294,'2021-11-08','2021-12-08','Active','2021-12-08 12:41:48')
INSERT INTO METER_READING VALUES ('MREAD_00000014','ACCT_000000014',138,'2021-11-08','2021-12-08','Active','2021-12-08 07:04:36')
INSERT INTO METER_READING VALUES ('MREAD_00000015','ACCT_000000015',0,'2021-11-08','2021-12-08','Inactive','2021-12-08 04:58:14')
INSERT INTO METER_READING VALUES ('MREAD_00000016','ACCT_000000016',188,'2021-11-08','2021-12-08','Active','2021-12-08 14:32:24')
INSERT INTO METER_READING VALUES ('MREAD_00000017','ACCT_000000017',244,'2021-11-08','2021-12-08','Active','2021-12-08 06:42:16')
INSERT INTO METER_READING VALUES ('MREAD_00000018','ACCT_000000018',128,'2021-11-08','2021-12-08','Active','2021-12-08 19:40:21')
INSERT INTO METER_READING VALUES ('MREAD_00000019','ACCT_000000019',109,'2021-11-08','2021-12-08','Active','2021-12-08 06:14:00')
INSERT INTO METER_READING VALUES ('MREAD_00000020','ACCT_000000020',0,'2021-11-08','2021-12-08','Inactive','2021-12-08 04:24:58')
INSERT INTO METER_READING VALUES ('MREAD_00000021','ACCT_000000021',144,'2021-11-08','2021-12-08','Active','2021-12-08 05:59:13')
INSERT INTO METER_READING VALUES ('MREAD_00000022','ACCT_000000022',194,'2021-11-08','2021-12-08','Active','2021-12-08 16:19:49')
INSERT INTO METER_READING VALUES ('MREAD_00000023','ACCT_000000023',282,'2021-11-08','2021-12-08','Active','2021-12-08 09:03:46')
INSERT INTO METER_READING VALUES ('MREAD_00000024','ACCT_000000024',246,'2021-11-08','2021-12-08','Active','2021-12-08 12:33:45')
INSERT INTO METER_READING VALUES ('MREAD_00000025','ACCT_000000025',145,'2021-11-08','2021-12-08','Active','2021-12-08 07:53:13')
INSERT INTO METER_READING VALUES ('MREAD_00000026','ACCT_000000026',67,'2021-11-08','2021-12-08','Active','2021-12-08 16:09:02')
INSERT INTO METER_READING VALUES ('MREAD_00000027','ACCT_000000027',37,'2021-11-08','2021-12-08','Active','2021-12-08 00:47:48')
INSERT INTO METER_READING VALUES ('MREAD_00000028','ACCT_000000028',241,'2021-11-08','2021-12-08','Active','2021-12-08 01:22:22')
INSERT INTO METER_READING VALUES ('MREAD_00000029','ACCT_000000029',180,'2021-11-08','2021-12-08','Active','2021-12-08 19:49:00')
INSERT INTO METER_READING VALUES ('MREAD_00000030','ACCT_000000030',25,'2021-11-08','2021-12-08','Active','2021-12-08 04:15:28')
INSERT INTO METER_READING VALUES ('MREAD_00000031','ACCT_000000031',235,'2021-11-08','2021-12-08','Active','2021-12-08 21:08:19')
INSERT INTO METER_READING VALUES ('MREAD_00000032','ACCT_000000032',100,'2021-11-08','2021-12-08','Active','2021-12-08 23:15:53')
INSERT INTO METER_READING VALUES ('MREAD_00000033','ACCT_000000033',230,'2021-11-08','2021-12-08','Active','2021-12-08 14:31:19')
INSERT INTO METER_READING VALUES ('MREAD_00000034','ACCT_000000034',238,'2021-11-08','2021-12-08','Active','2021-12-08 19:35:09')
INSERT INTO METER_READING VALUES ('MREAD_00000035','ACCT_000000035',234,'2021-11-08','2021-12-08','Active','2021-12-08 06:55:18')
INSERT INTO METER_READING VALUES ('MREAD_00000036','ACCT_000000036',251,'2021-11-08','2021-12-08','Active','2021-12-08 10:18:21')
INSERT INTO METER_READING VALUES ('MREAD_00000037','ACCT_000000037',77,'2021-11-08','2021-12-08','Active','2021-12-08 14:05:31')
INSERT INTO METER_READING VALUES ('MREAD_00000038','ACCT_000000038',266,'2021-11-08','2021-12-08','Active','2021-12-08 01:56:50')
INSERT INTO METER_READING VALUES ('MREAD_00000039','ACCT_000000039',298,'2021-11-08','2021-12-08','Active','2021-12-08 07:48:18')
INSERT INTO METER_READING VALUES ('MREAD_00000040','ACCT_000000040',17,'2021-11-08','2021-12-08','Active','2021-12-08 21:58:40')
INSERT INTO METER_READING VALUES ('MREAD_00000041','ACCT_000000041',231,'2021-11-08','2021-12-08','Active','2021-12-08 12:50:01')
INSERT INTO METER_READING VALUES ('MREAD_00000042','ACCT_000000042',234,'2021-11-08','2021-12-08','Active','2021-12-08 15:05:53')
INSERT INTO METER_READING VALUES ('MREAD_00000043','ACCT_000000043',116,'2021-11-08','2021-12-08','Active','2021-12-08 12:04:47')
INSERT INTO METER_READING VALUES ('MREAD_00000044','ACCT_000000044',139,'2021-11-08','2021-12-08','Active','2021-12-08 22:59:32')
INSERT INTO METER_READING VALUES ('MREAD_00000045','ACCT_000000045',109,'2021-11-08','2021-12-08','Active','2021-12-08 10:07:57')
INSERT INTO METER_READING VALUES ('MREAD_00000046','ACCT_000000046',295,'2021-11-08','2021-12-08','Active','2021-12-08 07:00:30')
INSERT INTO METER_READING VALUES ('MREAD_00000047','ACCT_000000047',242,'2021-11-08','2021-12-08','Active','2021-12-08 13:08:13')
INSERT INTO METER_READING VALUES ('MREAD_00000048','ACCT_000000048',147,'2021-11-08','2021-12-08','Active','2021-12-08 10:38:04')
INSERT INTO METER_READING VALUES ('MREAD_00000049','ACCT_000000049',40,'2021-11-08','2021-12-08','Active','2021-12-08 02:39:29')
INSERT INTO METER_READING VALUES ('MREAD_00000050','ACCT_000000050',165,'2021-11-08','2021-12-08','Active','2021-12-08 23:02:08')
INSERT INTO METER_READING VALUES ('MREAD_00000051','ACCT_00000001',69,'2021-12-08','2022-01-08','Active','2022-01-08 12:37:18')
INSERT INTO METER_READING VALUES ('MREAD_00000052','ACCT_00000002',89,'2021-12-08','2022-01-08','Active','2022-01-08 02:07:37')
INSERT INTO METER_READING VALUES ('MREAD_00000053','ACCT_00000003',169,'2021-12-08','2022-01-08','Active','2022-01-08 07:01:43')
INSERT INTO METER_READING VALUES ('MREAD_00000054','ACCT_00000004',103,'2021-12-08','2022-01-08','Active','2022-01-08 23:01:09')
INSERT INTO METER_READING VALUES ('MREAD_00000055','ACCT_00000005',52,'2021-12-08','2022-01-08','Active','2022-01-08 17:46:50')
INSERT INTO METER_READING VALUES ('MREAD_00000056','ACCT_00000006',189,'2021-12-08','2022-01-08','Active','2022-01-08 01:24:45')
INSERT INTO METER_READING VALUES ('MREAD_00000057','ACCT_00000007',53,'2021-12-08','2022-01-08','Active','2022-01-08 20:18:48')
INSERT INTO METER_READING VALUES ('MREAD_00000058','ACCT_00000008',0,'2021-12-08','2022-01-08','Inactive','2022-01-08 16:06:27')
INSERT INTO METER_READING VALUES ('MREAD_00000059','ACCT_00000009',230,'2021-12-08','2022-01-08','Active','2022-01-08 00:02:21')
INSERT INTO METER_READING VALUES ('MREAD_00000060','ACCT_000000010',55,'2021-12-08','2022-01-08','Active','2022-01-08 22:43:44')
INSERT INTO METER_READING VALUES ('MREAD_00000061','ACCT_000000011',13,'2021-12-08','2022-01-08','Active','2022-01-08 08:52:45')
INSERT INTO METER_READING VALUES ('MREAD_00000062','ACCT_000000012',160,'2021-12-08','2022-01-08','Active','2022-01-08 19:10:34')
INSERT INTO METER_READING VALUES ('MREAD_00000063','ACCT_000000013',187,'2021-12-08','2022-01-08','Active','2022-01-08 13:08:38')
INSERT INTO METER_READING VALUES ('MREAD_00000064','ACCT_000000014',156,'2021-12-08','2022-01-08','Active','2022-01-08 17:57:10')
INSERT INTO METER_READING VALUES ('MREAD_00000065','ACCT_000000015',0,'2021-12-08','2022-01-08','Inactive','2022-01-08 13:59:59')
INSERT INTO METER_READING VALUES ('MREAD_00000066','ACCT_000000016',50,'2021-12-08','2022-01-08','Active','2022-01-08 14:40:19')
INSERT INTO METER_READING VALUES ('MREAD_00000067','ACCT_000000017',192,'2021-12-08','2022-01-08','Active','2022-01-08 19:28:20')
INSERT INTO METER_READING VALUES ('MREAD_00000068','ACCT_000000018',274,'2021-12-08','2022-01-08','Active','2022-01-08 01:15:44')
INSERT INTO METER_READING VALUES ('MREAD_00000069','ACCT_000000019',150,'2021-12-08','2022-01-08','Active','2022-01-08 08:57:30')
INSERT INTO METER_READING VALUES ('MREAD_00000070','ACCT_000000020',0,'2021-12-08','2022-01-08','Inactive','2022-01-08 20:29:18')
INSERT INTO METER_READING VALUES ('MREAD_00000071','ACCT_000000021',14,'2021-12-08','2022-01-08','Active','2022-01-08 16:26:05')
INSERT INTO METER_READING VALUES ('MREAD_00000072','ACCT_000000022',73,'2021-12-08','2022-01-08','Active','2022-01-08 18:16:58')
INSERT INTO METER_READING VALUES ('MREAD_00000073','ACCT_000000023',98,'2021-12-08','2022-01-08','Active','2022-01-08 02:08:44')
INSERT INTO METER_READING VALUES ('MREAD_00000074','ACCT_000000024',252,'2021-12-08','2022-01-08','Active','2022-01-08 03:54:29')
INSERT INTO METER_READING VALUES ('MREAD_00000075','ACCT_000000025',236,'2021-12-08','2022-01-08','Active','2022-01-08 02:18:38')
INSERT INTO METER_READING VALUES ('MREAD_00000076','ACCT_000000026',35,'2021-12-08','2022-01-08','Active','2022-01-08 16:51:58')
INSERT INTO METER_READING VALUES ('MREAD_00000077','ACCT_000000027',217,'2021-12-08','2022-01-08','Active','2022-01-08 01:29:33')
INSERT INTO METER_READING VALUES ('MREAD_00000078','ACCT_000000028',71,'2021-12-08','2022-01-08','Active','2022-01-08 20:02:38')
INSERT INTO METER_READING VALUES ('MREAD_00000079','ACCT_000000029',107,'2021-12-08','2022-01-08','Active','2022-01-08 11:52:03')
INSERT INTO METER_READING VALUES ('MREAD_00000080','ACCT_000000030',145,'2021-12-08','2022-01-08','Active','2022-01-08 18:31:51')
INSERT INTO METER_READING VALUES ('MREAD_00000081','ACCT_000000031',300,'2021-12-08','2022-01-08','Active','2022-01-08 19:16:02')
INSERT INTO METER_READING VALUES ('MREAD_00000082','ACCT_000000032',156,'2021-12-08','2022-01-08','Active','2022-01-08 01:34:16')
INSERT INTO METER_READING VALUES ('MREAD_00000083','ACCT_000000033',194,'2021-12-08','2022-01-08','Active','2022-01-08 05:37:30')
INSERT INTO METER_READING VALUES ('MREAD_00000084','ACCT_000000034',248,'2021-12-08','2022-01-08','Active','2022-01-08 19:49:45')
INSERT INTO METER_READING VALUES ('MREAD_00000085','ACCT_000000035',172,'2021-12-08','2022-01-08','Active','2022-01-08 03:54:16')
INSERT INTO METER_READING VALUES ('MREAD_00000086','ACCT_000000036',274,'2021-12-08','2022-01-08','Active','2022-01-08 14:44:25')
INSERT INTO METER_READING VALUES ('MREAD_00000087','ACCT_000000037',67,'2021-12-08','2022-01-08','Active','2022-01-08 06:48:47')
INSERT INTO METER_READING VALUES ('MREAD_00000088','ACCT_000000038',158,'2021-12-08','2022-01-08','Active','2022-01-08 23:31:55')
INSERT INTO METER_READING VALUES ('MREAD_00000089','ACCT_000000039',169,'2021-12-08','2022-01-08','Active','2022-01-08 09:16:06')
INSERT INTO METER_READING VALUES ('MREAD_00000090','ACCT_000000040',232,'2021-12-08','2022-01-08','Active','2022-01-08 01:43:33')
INSERT INTO METER_READING VALUES ('MREAD_00000091','ACCT_000000041',120,'2021-12-08','2022-01-08','Active','2022-01-08 22:44:30')
INSERT INTO METER_READING VALUES ('MREAD_00000092','ACCT_000000042',255,'2021-12-08','2022-01-08','Active','2022-01-08 05:51:02')
INSERT INTO METER_READING VALUES ('MREAD_00000093','ACCT_000000043',225,'2021-12-08','2022-01-08','Active','2022-01-08 00:56:46')
INSERT INTO METER_READING VALUES ('MREAD_00000094','ACCT_000000044',172,'2021-12-08','2022-01-08','Active','2022-01-08 03:34:24')
INSERT INTO METER_READING VALUES ('MREAD_00000095','ACCT_000000045',279,'2021-12-08','2022-01-08','Active','2022-01-08 20:08:38')
INSERT INTO METER_READING VALUES ('MREAD_00000096','ACCT_000000046',280,'2021-12-08','2022-01-08','Active','2022-01-08 15:11:09')
INSERT INTO METER_READING VALUES ('MREAD_00000097','ACCT_000000047',65,'2021-12-08','2022-01-08','Active','2022-01-08 13:09:48')
INSERT INTO METER_READING VALUES ('MREAD_00000098','ACCT_000000048',215,'2021-12-08','2022-01-08','Active','2022-01-08 13:09:40')
INSERT INTO METER_READING VALUES ('MREAD_00000099','ACCT_000000049',176,'2021-12-08','2022-01-08','Active','2022-01-08 12:34:50')
INSERT INTO METER_READING VALUES ('MREAD_00000100','ACCT_000000050',300,'2021-12-08','2022-01-08','Active','2022-01-08 20:55:33')
INSERT INTO METER_READING VALUES ('MREAD_00000101','ACCT_00000001',182,'2022-01-08','2022-02-08','Active','2022-02-08 05:46:17')
INSERT INTO METER_READING VALUES ('MREAD_00000102','ACCT_00000002',208,'2022-01-08','2022-02-08','Active','2022-02-08 02:47:35')
INSERT INTO METER_READING VALUES ('MREAD_00000103','ACCT_00000003',226,'2022-01-08','2022-02-08','Active','2022-02-08 14:15:55')
INSERT INTO METER_READING VALUES ('MREAD_00000104','ACCT_00000004',31,'2022-01-08','2022-02-08','Active','2022-02-08 19:04:08')
INSERT INTO METER_READING VALUES ('MREAD_00000105','ACCT_00000005',276,'2022-01-08','2022-02-08','Active','2022-02-08 07:36:56')
INSERT INTO METER_READING VALUES ('MREAD_00000106','ACCT_00000006',14,'2022-01-08','2022-02-08','Active','2022-02-08 05:12:04')
INSERT INTO METER_READING VALUES ('MREAD_00000107','ACCT_00000007',298,'2022-01-08','2022-02-08','Active','2022-02-08 10:59:03')
INSERT INTO METER_READING VALUES ('MREAD_00000108','ACCT_00000008',0,'2022-01-08','2022-02-08','Inactive','2022-02-08 09:29:15')
INSERT INTO METER_READING VALUES ('MREAD_00000109','ACCT_00000009',297,'2022-01-08','2022-02-08','Active','2022-02-08 16:23:16')
INSERT INTO METER_READING VALUES ('MREAD_00000110','ACCT_000000010',30,'2022-01-08','2022-02-08','Active','2022-02-08 17:46:44')
INSERT INTO METER_READING VALUES ('MREAD_00000111','ACCT_000000011',284,'2022-01-08','2022-02-08','Active','2022-02-08 08:38:49')
INSERT INTO METER_READING VALUES ('MREAD_00000112','ACCT_000000012',238,'2022-01-08','2022-02-08','Active','2022-02-08 09:47:50')
INSERT INTO METER_READING VALUES ('MREAD_00000113','ACCT_000000013',218,'2022-01-08','2022-02-08','Active','2022-02-08 02:28:36')
INSERT INTO METER_READING VALUES ('MREAD_00000114','ACCT_000000014',57,'2022-01-08','2022-02-08','Active','2022-02-08 03:26:27')
INSERT INTO METER_READING VALUES ('MREAD_00000115','ACCT_000000015',0,'2022-01-08','2022-02-08','Inactive','2022-02-08 06:32:15')
INSERT INTO METER_READING VALUES ('MREAD_00000116','ACCT_000000016',63,'2022-01-08','2022-02-08','Active','2022-02-08 18:37:15')
INSERT INTO METER_READING VALUES ('MREAD_00000117','ACCT_000000017',218,'2022-01-08','2022-02-08','Active','2022-02-08 23:40:59')
INSERT INTO METER_READING VALUES ('MREAD_00000118','ACCT_000000018',37,'2022-01-08','2022-02-08','Active','2022-02-08 13:38:53')
INSERT INTO METER_READING VALUES ('MREAD_00000119','ACCT_000000019',89,'2022-01-08','2022-02-08','Active','2022-02-08 20:29:59')
INSERT INTO METER_READING VALUES ('MREAD_00000120','ACCT_000000020',0,'2022-01-08','2022-02-08','Inactive','2022-02-08 17:21:12')
INSERT INTO METER_READING VALUES ('MREAD_00000121','ACCT_000000021',51,'2022-01-08','2022-02-08','Active','2022-02-08 19:51:54')
INSERT INTO METER_READING VALUES ('MREAD_00000122','ACCT_000000022',128,'2022-01-08','2022-02-08','Active','2022-02-08 23:36:30')
INSERT INTO METER_READING VALUES ('MREAD_00000123','ACCT_000000023',261,'2022-01-08','2022-02-08','Active','2022-02-08 23:49:58')
INSERT INTO METER_READING VALUES ('MREAD_00000124','ACCT_000000024',194,'2022-01-08','2022-02-08','Active','2022-02-08 08:32:49')
INSERT INTO METER_READING VALUES ('MREAD_00000125','ACCT_000000025',184,'2022-01-08','2022-02-08','Active','2022-02-08 16:17:11')
INSERT INTO METER_READING VALUES ('MREAD_00000126','ACCT_000000026',294,'2022-01-08','2022-02-08','Active','2022-02-08 13:01:04')
INSERT INTO METER_READING VALUES ('MREAD_00000127','ACCT_000000027',234,'2022-01-08','2022-02-08','Active','2022-02-08 05:14:32')
INSERT INTO METER_READING VALUES ('MREAD_00000128','ACCT_000000028',214,'2022-01-08','2022-02-08','Active','2022-02-08 03:17:56')
INSERT INTO METER_READING VALUES ('MREAD_00000129','ACCT_000000029',206,'2022-01-08','2022-02-08','Active','2022-02-08 15:09:06')
INSERT INTO METER_READING VALUES ('MREAD_00000130','ACCT_000000030',123,'2022-01-08','2022-02-08','Active','2022-02-08 08:28:27')
INSERT INTO METER_READING VALUES ('MREAD_00000131','ACCT_000000031',10,'2022-01-08','2022-02-08','Active','2022-02-08 04:53:28')
INSERT INTO METER_READING VALUES ('MREAD_00000132','ACCT_000000032',228,'2022-01-08','2022-02-08','Active','2022-02-08 23:17:22')
INSERT INTO METER_READING VALUES ('MREAD_00000133','ACCT_000000033',29,'2022-01-08','2022-02-08','Active','2022-02-08 14:01:01')
INSERT INTO METER_READING VALUES ('MREAD_00000134','ACCT_000000034',127,'2022-01-08','2022-02-08','Active','2022-02-08 01:43:55')
INSERT INTO METER_READING VALUES ('MREAD_00000135','ACCT_000000035',130,'2022-01-08','2022-02-08','Active','2022-02-08 10:30:00')
INSERT INTO METER_READING VALUES ('MREAD_00000136','ACCT_000000036',69,'2022-01-08','2022-02-08','Active','2022-02-08 15:23:57')
INSERT INTO METER_READING VALUES ('MREAD_00000137','ACCT_000000037',10,'2022-01-08','2022-02-08','Active','2022-02-08 09:48:49')
INSERT INTO METER_READING VALUES ('MREAD_00000138','ACCT_000000038',226,'2022-01-08','2022-02-08','Active','2022-02-08 11:15:23')
INSERT INTO METER_READING VALUES ('MREAD_00000139','ACCT_000000039',70,'2022-01-08','2022-02-08','Active','2022-02-08 20:20:07')
INSERT INTO METER_READING VALUES ('MREAD_00000140','ACCT_000000040',195,'2022-01-08','2022-02-08','Active','2022-02-08 01:33:10')
INSERT INTO METER_READING VALUES ('MREAD_00000141','ACCT_000000041',87,'2022-01-08','2022-02-08','Active','2022-02-08 01:34:38')
INSERT INTO METER_READING VALUES ('MREAD_00000142','ACCT_000000042',257,'2022-01-08','2022-02-08','Active','2022-02-08 06:39:44')
INSERT INTO METER_READING VALUES ('MREAD_00000143','ACCT_000000043',44,'2022-01-08','2022-02-08','Active','2022-02-08 08:00:26')
INSERT INTO METER_READING VALUES ('MREAD_00000144','ACCT_000000044',117,'2022-01-08','2022-02-08','Active','2022-02-08 18:01:44')
INSERT INTO METER_READING VALUES ('MREAD_00000145','ACCT_000000045',24,'2022-01-08','2022-02-08','Active','2022-02-08 10:28:14')
INSERT INTO METER_READING VALUES ('MREAD_00000146','ACCT_000000046',67,'2022-01-08','2022-02-08','Active','2022-02-08 20:02:48')
INSERT INTO METER_READING VALUES ('MREAD_00000147','ACCT_000000047',70,'2022-01-08','2022-02-08','Active','2022-02-08 20:49:34')
INSERT INTO METER_READING VALUES ('MREAD_00000148','ACCT_000000048',1,'2022-01-08','2022-02-08','Active','2022-02-08 17:04:55')
INSERT INTO METER_READING VALUES ('MREAD_00000149','ACCT_000000049',90,'2022-01-08','2022-02-08','Active','2022-02-08 17:34:50')
INSERT INTO METER_READING VALUES ('MREAD_00000150','ACCT_000000050',299,'2022-01-08','2022-02-08','Active','2022-02-08 20:02:48')
INSERT INTO METER_READING VALUES ('MREAD_00000151','ACCT_00000001',103,'2022-02-08','2022-03-08','Active','2022-03-08 20:49:34')
INSERT INTO METER_READING VALUES ('MREAD_00000152','ACCT_00000002',210,'2022-02-08','2022-03-08','Active','2022-03-08 17:04:55')
INSERT INTO METER_READING VALUES ('MREAD_00000153','ACCT_00000003',161,'2022-02-08','2022-03-08','Active','2022-03-08 17:34:50')
INSERT INTO METER_READING VALUES ('MREAD_00000154','ACCT_00000004',219,'2022-02-08','2022-03-08','Active','2022-03-08 20:02:48')
INSERT INTO METER_READING VALUES ('MREAD_00000155','ACCT_00000005',147,'2022-02-08','2022-03-08','Active','2022-03-08 20:49:34')
INSERT INTO METER_READING VALUES ('MREAD_00000156','ACCT_00000006',232,'2022-02-08','2022-03-08','Active','2022-03-08 17:04:55')
INSERT INTO METER_READING VALUES ('MREAD_00000157','ACCT_00000007',186,'2022-02-08','2022-03-08','Active','2022-03-08 17:34:50')
INSERT INTO METER_READING VALUES ('MREAD_00000158','ACCT_00000008',0,'2022-02-08','2022-03-08','Inactive','2022-03-08 20:02:48')
INSERT INTO METER_READING VALUES ('MREAD_00000159','ACCT_00000009',239,'2022-02-08','2022-03-08','Active','2022-03-08 20:49:34')
INSERT INTO METER_READING VALUES ('MREAD_00000160','ACCT_000000010',160,'2022-02-08','2022-03-08','Active','2022-03-08 17:04:55')
INSERT INTO METER_READING VALUES ('MREAD_00000161','ACCT_000000011',105,'2022-02-08','2022-03-08','Active','2022-03-08 18:03:10')
INSERT INTO METER_READING VALUES ('MREAD_00000162','ACCT_000000012',254,'2022-02-08','2022-03-08','Active','2022-03-08 18:33:49')
INSERT INTO METER_READING VALUES ('MREAD_00000163','ACCT_000000013',157,'2022-02-08','2022-03-08','Active','2022-03-08 08:05:30')
INSERT INTO METER_READING VALUES ('MREAD_00000164','ACCT_000000014',266,'2022-02-08','2022-03-08','Active','2022-03-08 05:33:59')
INSERT INTO METER_READING VALUES ('MREAD_00000165','ACCT_000000015',0,'2022-02-08','2022-03-08','Inactive','2022-03-08 15:27:18')
INSERT INTO METER_READING VALUES ('MREAD_00000166','ACCT_000000016',208,'2022-02-08','2022-03-08','Active','2022-03-08 01:18:59')
INSERT INTO METER_READING VALUES ('MREAD_00000167','ACCT_000000017',225,'2022-02-08','2022-03-08','Active','2022-03-08 03:27:52')
INSERT INTO METER_READING VALUES ('MREAD_00000168','ACCT_000000018',275,'2022-02-08','2022-03-08','Active','2022-03-08 08:12:52')
INSERT INTO METER_READING VALUES ('MREAD_00000169','ACCT_000000019',221,'2022-02-08','2022-03-08','Active','2022-03-08 13:15:55')
INSERT INTO METER_READING VALUES ('MREAD_00000170','ACCT_000000020',0,'2022-02-08','2022-03-08','Inactive','2022-03-08 12:54:51')
INSERT INTO METER_READING VALUES ('MREAD_00000171','ACCT_000000021',218,'2022-02-08','2022-03-08','Active','2022-03-08 20:14:00')
INSERT INTO METER_READING VALUES ('MREAD_00000172','ACCT_000000022',207,'2022-02-08','2022-03-08','Active','2022-03-08 07:47:38')
INSERT INTO METER_READING VALUES ('MREAD_00000173','ACCT_000000023',152,'2022-02-08','2022-03-08','Active','2022-03-08 12:41:48')
INSERT INTO METER_READING VALUES ('MREAD_00000174','ACCT_000000024',237,'2022-02-08','2022-03-08','Active','2022-03-08 07:04:36')
INSERT INTO METER_READING VALUES ('MREAD_00000175','ACCT_000000025',241,'2022-02-08','2022-03-08','Active','2022-03-08 04:58:14')
INSERT INTO METER_READING VALUES ('MREAD_00000176','ACCT_000000026',234,'2022-02-08','2022-03-08','Active','2022-03-08 14:32:24')
INSERT INTO METER_READING VALUES ('MREAD_00000177','ACCT_000000027',150,'2022-02-08','2022-03-08','Active','2022-03-08 06:42:16')
INSERT INTO METER_READING VALUES ('MREAD_00000178','ACCT_000000028',250,'2022-02-08','2022-03-08','Active','2022-03-08 19:40:21')
INSERT INTO METER_READING VALUES ('MREAD_00000179','ACCT_000000029',182,'2022-02-08','2022-03-08','Active','2022-03-08 06:14:00')
INSERT INTO METER_READING VALUES ('MREAD_00000180','ACCT_000000030',210,'2022-02-08','2022-03-08','Active','2022-03-08 04:24:58')
INSERT INTO METER_READING VALUES ('MREAD_00000181','ACCT_000000031',207,'2022-02-08','2022-03-08','Active','2022-03-08 05:59:13')
INSERT INTO METER_READING VALUES ('MREAD_00000182','ACCT_000000032',120,'2022-02-08','2022-03-08','Active','2022-03-08 16:19:49')
INSERT INTO METER_READING VALUES ('MREAD_00000183','ACCT_000000033',227,'2022-02-08','2022-03-08','Active','2022-03-08 09:03:46')
INSERT INTO METER_READING VALUES ('MREAD_00000184','ACCT_000000034',152,'2022-02-08','2022-03-08','Active','2022-03-08 12:33:45')
INSERT INTO METER_READING VALUES ('MREAD_00000185','ACCT_000000035',179,'2022-02-08','2022-03-08','Active','2022-03-08 07:53:13')
INSERT INTO METER_READING VALUES ('MREAD_00000186','ACCT_000000036',215,'2022-02-08','2022-03-08','Active','2022-03-08 16:09:02')
INSERT INTO METER_READING VALUES ('MREAD_00000187','ACCT_000000037',129,'2022-02-08','2022-03-08','Active','2022-03-08 00:47:48')
INSERT INTO METER_READING VALUES ('MREAD_00000188','ACCT_000000038',107,'2022-02-08','2022-03-08','Active','2022-03-08 01:22:22')
INSERT INTO METER_READING VALUES ('MREAD_00000189','ACCT_000000039',290,'2022-02-08','2022-03-08','Active','2022-03-08 19:49:00')
INSERT INTO METER_READING VALUES ('MREAD_00000190','ACCT_000000040',245,'2022-02-08','2022-03-08','Active','2022-03-08 04:15:28')
INSERT INTO METER_READING VALUES ('MREAD_00000191','ACCT_000000041',131,'2022-02-08','2022-03-08','Active','2022-03-08 21:08:19')
INSERT INTO METER_READING VALUES ('MREAD_00000192','ACCT_000000042',170,'2022-02-08','2022-03-08','Active','2022-03-08 23:15:53')
INSERT INTO METER_READING VALUES ('MREAD_00000193','ACCT_000000043',204,'2022-02-08','2022-03-08','Active','2022-03-08 14:31:19')
INSERT INTO METER_READING VALUES ('MREAD_00000194','ACCT_000000044',186,'2022-02-08','2022-03-08','Active','2022-03-08 19:35:09')
INSERT INTO METER_READING VALUES ('MREAD_00000195','ACCT_000000045',193,'2022-02-08','2022-03-08','Active','2022-03-08 06:55:18')
INSERT INTO METER_READING VALUES ('MREAD_00000196','ACCT_000000046',122,'2022-02-08','2022-03-08','Active','2022-03-08 10:18:21')
INSERT INTO METER_READING VALUES ('MREAD_00000197','ACCT_000000047',156,'2022-02-08','2022-03-08','Active','2022-03-08 14:05:31')
INSERT INTO METER_READING VALUES ('MREAD_00000198','ACCT_000000048',229,'2022-02-08','2022-03-08','Active','2022-03-08 01:56:50')
INSERT INTO METER_READING VALUES ('MREAD_00000199','ACCT_000000049',283,'2022-02-08','2022-03-08','Active','2022-03-08 07:48:18')
INSERT INTO METER_READING VALUES ('MREAD_00000200','ACCT_000000050',267,'2022-02-08','2022-03-08','Active','2022-03-08 21:58:40')
INSERT INTO METER_READING VALUES ('MREAD_00000201','ACCT_00000001',243,'2022-03-08','2022-04-08','Active','2022-04-08 12:50:01')
INSERT INTO METER_READING VALUES ('MREAD_00000202','ACCT_00000002',299,'2022-03-08','2022-04-08','Active','2022-04-08 15:05:53')
INSERT INTO METER_READING VALUES ('MREAD_00000203','ACCT_00000003',220,'2022-03-08','2022-04-08','Active','2022-04-08 12:04:47')
INSERT INTO METER_READING VALUES ('MREAD_00000204','ACCT_00000004',245,'2022-03-08','2022-04-08','Active','2022-04-08 18:03:10')
INSERT INTO METER_READING VALUES ('MREAD_00000205','ACCT_00000005',113,'2022-03-08','2022-04-08','Active','2022-04-08 18:33:49')
INSERT INTO METER_READING VALUES ('MREAD_00000206','ACCT_00000006',137,'2022-03-08','2022-04-08','Active','2022-04-08 08:05:30')
INSERT INTO METER_READING VALUES ('MREAD_00000207','ACCT_00000007',257,'2022-03-08','2022-04-08','Active','2022-04-08 05:33:59')
INSERT INTO METER_READING VALUES ('MREAD_00000208','ACCT_00000008',0,'2022-03-08','2022-04-08','Inactive','2022-04-08 15:27:18')
INSERT INTO METER_READING VALUES ('MREAD_00000209','ACCT_00000009',251,'2022-03-08','2022-04-08','Active','2022-04-08 01:18:59')
INSERT INTO METER_READING VALUES ('MREAD_00000210','ACCT_000000010',157,'2022-03-08','2022-04-08','Active','2022-04-08 03:27:52')
INSERT INTO METER_READING VALUES ('MREAD_00000211','ACCT_000000011',189,'2022-03-08','2022-04-08','Active','2022-04-08 08:12:52')
INSERT INTO METER_READING VALUES ('MREAD_00000212','ACCT_000000012',183,'2022-03-08','2022-04-08','Active','2022-04-08 13:15:55')
INSERT INTO METER_READING VALUES ('MREAD_00000213','ACCT_000000013',203,'2022-03-08','2022-04-08','Active','2022-04-08 12:54:51')
INSERT INTO METER_READING VALUES ('MREAD_00000214','ACCT_000000014',273,'2022-03-08','2022-04-08','Active','2022-04-08 20:14:00')
INSERT INTO METER_READING VALUES ('MREAD_00000215','ACCT_000000015',0,'2022-03-08','2022-04-08','Inactive','2022-04-08 07:47:38')
INSERT INTO METER_READING VALUES ('MREAD_00000216','ACCT_000000016',217,'2022-03-08','2022-04-08','Active','2022-04-08 12:41:48')
INSERT INTO METER_READING VALUES ('MREAD_00000217','ACCT_000000017',198,'2022-03-08','2022-04-08','Active','2022-04-08 07:04:36')
INSERT INTO METER_READING VALUES ('MREAD_00000218','ACCT_000000018',112,'2022-03-08','2022-04-08','Active','2022-04-08 04:58:14')
INSERT INTO METER_READING VALUES ('MREAD_00000219','ACCT_000000019',248,'2022-03-08','2022-04-08','Active','2022-04-08 14:32:24')
INSERT INTO METER_READING VALUES ('MREAD_00000220','ACCT_000000020',0,'2022-03-08','2022-04-08','Inactive','2022-04-08 06:42:16')
INSERT INTO METER_READING VALUES ('MREAD_00000221','ACCT_000000021',283,'2022-03-08','2022-04-08','Active','2022-04-08 19:40:21')
INSERT INTO METER_READING VALUES ('MREAD_00000222','ACCT_000000022',194,'2022-03-08','2022-04-08','Active','2022-04-08 06:14:00')
INSERT INTO METER_READING VALUES ('MREAD_00000223','ACCT_000000023',269,'2022-03-08','2022-04-08','Active','2022-04-08 04:24:58')
INSERT INTO METER_READING VALUES ('MREAD_00000224','ACCT_000000024',206,'2022-03-08','2022-04-08','Active','2022-04-08 05:59:13')
INSERT INTO METER_READING VALUES ('MREAD_00000225','ACCT_000000025',194,'2022-03-08','2022-04-08','Active','2022-04-08 16:19:49')
INSERT INTO METER_READING VALUES ('MREAD_00000226','ACCT_000000026',110,'2022-03-08','2022-04-08','Active','2022-04-08 09:03:46')
INSERT INTO METER_READING VALUES ('MREAD_00000227','ACCT_000000027',265,'2022-03-08','2022-04-08','Active','2022-04-08 12:33:45')
INSERT INTO METER_READING VALUES ('MREAD_00000228','ACCT_000000028',226,'2022-03-08','2022-04-08','Active','2022-04-08 07:53:13')
INSERT INTO METER_READING VALUES ('MREAD_00000229','ACCT_000000029',134,'2022-03-08','2022-04-08','Active','2022-04-08 16:09:02')
INSERT INTO METER_READING VALUES ('MREAD_00000230','ACCT_000000030',201,'2022-03-08','2022-04-08','Active','2022-04-08 00:47:48')
INSERT INTO METER_READING VALUES ('MREAD_00000231','ACCT_000000031',272,'2022-03-08','2022-04-08','Active','2022-04-08 01:22:22')
INSERT INTO METER_READING VALUES ('MREAD_00000232','ACCT_000000032',158,'2022-03-08','2022-04-08','Active','2022-04-08 19:49:00')
INSERT INTO METER_READING VALUES ('MREAD_00000233','ACCT_000000033',271,'2022-03-08','2022-04-08','Active','2022-04-08 04:15:28')
INSERT INTO METER_READING VALUES ('MREAD_00000234','ACCT_000000034',209,'2022-03-08','2022-04-08','Active','2022-04-08 21:08:19')
INSERT INTO METER_READING VALUES ('MREAD_00000235','ACCT_000000035',127,'2022-03-08','2022-04-08','Active','2022-04-08 23:15:53')
INSERT INTO METER_READING VALUES ('MREAD_00000236','ACCT_000000036',144,'2022-03-08','2022-04-08','Active','2022-04-08 14:31:19')
INSERT INTO METER_READING VALUES ('MREAD_00000237','ACCT_000000037',291,'2022-03-08','2022-04-08','Active','2022-04-08 19:35:09')
INSERT INTO METER_READING VALUES ('MREAD_00000238','ACCT_000000038',276,'2022-03-08','2022-04-08','Active','2022-04-08 06:55:18')
INSERT INTO METER_READING VALUES ('MREAD_00000239','ACCT_000000039',177,'2022-03-08','2022-04-08','Active','2022-04-08 10:18:21')
INSERT INTO METER_READING VALUES ('MREAD_00000240','ACCT_000000040',153,'2022-03-08','2022-04-08','Active','2022-04-08 14:05:31')
INSERT INTO METER_READING VALUES ('MREAD_00000241','ACCT_000000041',148,'2022-03-08','2022-04-08','Active','2022-04-08 01:56:50')
INSERT INTO METER_READING VALUES ('MREAD_00000242','ACCT_000000042',287,'2022-03-08','2022-04-08','Active','2022-04-08 07:48:18')
INSERT INTO METER_READING VALUES ('MREAD_00000243','ACCT_000000043',206,'2022-03-08','2022-04-08','Active','2022-04-08 21:58:40')
INSERT INTO METER_READING VALUES ('MREAD_00000244','ACCT_000000044',140,'2022-03-08','2022-04-08','Active','2022-04-08 12:50:01')
INSERT INTO METER_READING VALUES ('MREAD_00000245','ACCT_000000045',202,'2022-03-08','2022-04-08','Active','2022-04-08 15:05:53')
INSERT INTO METER_READING VALUES ('MREAD_00000246','ACCT_000000046',153,'2022-03-08','2022-04-08','Active','2022-04-08 12:04:47')
INSERT INTO METER_READING VALUES ('MREAD_00000247','ACCT_000000047',212,'2022-03-08','2022-04-08','Active','2022-04-08 12:50:01')
INSERT INTO METER_READING VALUES ('MREAD_00000248','ACCT_000000048',285,'2022-03-08','2022-04-08','Active','2022-04-08 15:05:53')
INSERT INTO METER_READING VALUES ('MREAD_00000249','ACCT_000000049',129,'2022-03-08','2022-04-08','Active','2022-04-08 12:04:47')
INSERT INTO METER_READING VALUES ('MREAD_00000250','ACCT_000000050',175,'2022-03-08','2022-04-08','Active','2022-04-08 12:50:01')


-- Insert into BILL table
INSERT INTO BILL (BillID, MeterID, PaymentID, Bill_Date, Bill_Type, Due_Date) VALUES
('Bill_00000001','MREAD_00000001','PaymentID_00000001','2021-12-13','Residential','2022-01-13'),
('Bill_00000002','MREAD_00000002','PaymentID_00000002','2021-12-13','Residential','2022-01-13'),
('Bill_00000003','MREAD_00000003','PaymentID_00000003','2021-04-13','Large General Service','2021-05-13'),
('Bill_00000004','MREAD_00000004','PaymentID_00000004','2021-12-13','Large General Service','2022-01-13'),
('Bill_00000005','MREAD_00000005','PaymentID_00000005','2021-12-13','General Service','2022-01-13'),
('Bill_00000006','MREAD_00000006','PaymentID_00000006','2021-12-13','Residential','2022-01-13'),
('Bill_00000007','MREAD_00000007','PaymentID_00000007','2021-12-13','General Service','2022-01-13'),
('Bill_00000009','MREAD_00000009','PaymentID_00000009','2021-12-13','Residential','2022-01-13'),
('Bill_00000010','MREAD_00000010','PaymentID_00000010','2021-12-13','Residential','2022-01-13'),
('Bill_00000011','MREAD_00000011','PaymentID_00000011','2021-12-13','Residential','2022-01-13'),
('Bill_00000012','MREAD_00000012','PaymentID_00000012','2021-12-13','General Service','2022-01-13'),
('Bill_00000013','MREAD_00000013','PaymentID_00000013','2021-12-13','General Service','2022-01-13'),
('Bill_00000014','MREAD_00000014','PaymentID_00000014','2021-12-13','Residential','2022-01-13'),
('Bill_00000016','MREAD_00000016','PaymentID_00000016','2021-12-13','Residential','2022-01-13'),
('Bill_00000017','MREAD_00000017','PaymentID_00000017','2021-12-13','General Service','2022-01-13'),
('Bill_00000018','MREAD_00000018','PaymentID_00000018','2021-12-13','Large General Service','2022-01-13'),
('Bill_00000019','MREAD_00000019','PaymentID_00000019','2021-12-13','Residential','2022-01-13'),
('Bill_00000021','MREAD_00000021','PaymentID_00000021','2021-12-13','Large General Service','2022-01-13'),
('Bill_00000022','MREAD_00000022','PaymentID_00000022','2021-12-13','General Service','2022-01-13'),
('Bill_00000023','MREAD_00000023','PaymentID_00000023','2021-12-13','Residential','2022-01-13'),
('Bill_00000024','MREAD_00000024','PaymentID_00000024','2021-12-13','General Service','2022-01-13'),
('Bill_00000025','MREAD_00000025','PaymentID_00000025','2021-12-13','Residential','2022-01-13'),
('Bill_00000026','MREAD_00000026','PaymentID_00000026','2021-12-13','General Service','2022-01-13'),
('Bill_00000027','MREAD_00000027','PaymentID_00000027','2021-12-13','General Service','2022-01-13'),
('Bill_00000028','MREAD_00000028','PaymentID_00000028','2021-12-13','Residential','2022-01-13'),
('Bill_00000029','MREAD_00000029','PaymentID_00000029','2021-12-13','Residential','2022-01-13'),
('Bill_00000030','MREAD_00000030','PaymentID_00000030','2021-12-13','General Service','2022-01-13'),
('Bill_00000031','MREAD_00000031','PaymentID_00000031','2021-12-13','General Service','2022-01-13'),
('Bill_00000032','MREAD_00000032','PaymentID_00000032','2021-12-13','Residential','2022-01-13'),
('Bill_00000033','MREAD_00000033','PaymentID_00000033','2021-12-13','General Service','2022-01-13'),
('Bill_00000034','MREAD_00000034','PaymentID_00000034','2021-12-13','Residential','2022-01-13'),
('Bill_00000035','MREAD_00000035','PaymentID_00000035','2021-12-13','General Service','2022-01-13'),
('Bill_00000036','MREAD_00000036','PaymentID_00000036','2021-12-13','General Service','2022-01-13'),
('Bill_00000037','MREAD_00000037','PaymentID_00000037','2021-12-13','Residential','2022-01-13'),
('Bill_00000038','MREAD_00000038','PaymentID_00000038','2021-12-13','Residential','2022-01-13'),
('Bill_00000039','MREAD_00000039','PaymentID_00000039','2021-12-13','Residential','2022-01-13'),
('Bill_00000040','MREAD_00000040','PaymentID_00000040','2021-12-13','Residential','2022-01-13'),
('Bill_00000041','MREAD_00000041','PaymentID_00000041','2021-12-13','Residential','2022-01-13'),
('Bill_00000042','MREAD_00000042','PaymentID_00000042','2021-12-13','General Service','2022-01-13'),
('Bill_00000043','MREAD_00000043','PaymentID_00000043','2021-12-13','Residential','2022-01-13'),
('Bill_00000044','MREAD_00000044','PaymentID_00000044','2021-12-13','Residential','2022-01-13'),
('Bill_00000045','MREAD_00000045','PaymentID_00000045','2021-12-13','General Service','2022-01-13'),
('Bill_00000046','MREAD_00000046','PaymentID_00000046','2021-12-13','Residential','2022-01-13'),
('Bill_00000047','MREAD_00000047','PaymentID_00000047','2021-12-13','Residential','2022-01-13'),
('Bill_00000048','MREAD_00000048','PaymentID_00000048','2021-12-13','General Service','2022-01-13'),
('Bill_00000049','MREAD_00000049','PaymentID_00000049','2021-12-13','Residential','2022-01-13'),
('Bill_00000050','MREAD_00000050','PaymentID_00000050','2021-12-13','Residential','2022-01-13'),
('Bill_00000051','MREAD_00000051','PaymentID_00000051','2022-01-13','Residential','2022-02-13'),
('Bill_00000052','MREAD_00000052','PaymentID_00000052','2022-01-13','Residential','2022-02-13'),
('Bill_00000053','MREAD_00000053','PaymentID_00000053','2022-01-13','Residential','2022-02-13'),
('Bill_00000054','MREAD_00000054','PaymentID_00000054','2022-01-13','Large General Service','2022-02-13'),
('Bill_00000055','MREAD_00000055','PaymentID_00000055','2022-01-13','Residential','2022-02-13'),
('Bill_00000056','MREAD_00000056','PaymentID_00000056','2022-01-13','Residential','2022-02-13'),
('Bill_00000057','MREAD_00000057','PaymentID_00000057','2022-01-13','Residential','2022-02-13'),
('Bill_00000059','MREAD_00000059','PaymentID_00000059','2022-01-13','General Service','2022-02-13'),
('Bill_00000060','MREAD_00000060','PaymentID_00000060','2022-01-13','General Service','2022-02-13'),
('Bill_00000061','MREAD_00000061','PaymentID_00000061','2022-01-13','Residential','2022-02-13'),
('Bill_00000062','MREAD_00000062','PaymentID_00000062','2022-01-13','Residential','2022-02-13'),
('Bill_00000063','MREAD_00000063','PaymentID_00000063','2022-01-13','General Service','2022-02-13'),
('Bill_00000064','MREAD_00000064','PaymentID_00000064','2022-01-13','Residential','2022-02-13'),
('Bill_00000066','MREAD_00000066','PaymentID_00000066','2022-01-13','Residential','2022-02-13'),
('Bill_00000067','MREAD_00000067','PaymentID_00000067','2022-01-13','Residential','2022-02-13'),
('Bill_00000068','MREAD_00000068','PaymentID_00000068','2022-01-13','Residential','2022-02-13'),
('Bill_00000069','MREAD_00000069','PaymentID_00000069','2022-01-13','Residential','2022-02-13'),
('Bill_00000071','MREAD_00000071','PaymentID_00000071','2022-01-13','Residential','2022-02-13'),
('Bill_00000072','MREAD_00000072','PaymentID_00000072','2022-01-13','Residential','2022-02-13'),
('Bill_00000073','MREAD_00000073','PaymentID_00000073','2022-01-13','Large General Service','2022-02-13'),
('Bill_00000074','MREAD_00000074','PaymentID_00000074','2022-01-13','Residential','2022-02-13'),
('Bill_00000075','MREAD_00000075','PaymentID_00000075','2022-01-13','Residential','2022-02-13'),
('Bill_00000076','MREAD_00000076','PaymentID_00000076','2022-01-13','General Service','2022-02-13'),
('Bill_00000077','MREAD_00000077','PaymentID_00000077','2022-01-13','Residential','2022-02-13'),
('Bill_00000078','MREAD_00000078','PaymentID_00000078','2022-01-13','General Service','2022-02-13'),
('Bill_00000079','MREAD_00000079','PaymentID_00000079','2022-01-13','General Service','2022-02-13'),
('Bill_00000080','MREAD_00000080','PaymentID_00000080','2022-01-13','Residential','2022-02-13'),
('Bill_00000081','MREAD_00000081','PaymentID_00000081','2022-01-13','General Service','2022-02-13'),
('Bill_00000082','MREAD_00000082','PaymentID_00000082','2022-01-13','General Service','2022-02-13'),
('Bill_00000083','MREAD_00000083','PaymentID_00000083','2022-01-13','General Service','2022-02-13'),
('Bill_00000084','MREAD_00000084','PaymentID_00000084','2022-01-13','Residential','2022-02-13'),
('Bill_00000085','MREAD_00000085','PaymentID_00000085','2022-01-13','Large General Service','2022-02-13'),
('Bill_00000086','MREAD_00000086','PaymentID_00000086','2022-01-13','Residential','2022-02-13'),
('Bill_00000087','MREAD_00000087','PaymentID_00000087','2022-01-13','Residential','2022-02-13'),
('Bill_00000088','MREAD_00000088','PaymentID_00000088','2022-01-13','Large General Service','2022-02-13'),
('Bill_00000089','MREAD_00000089','PaymentID_00000089','2022-01-13','Residential','2022-02-13'),
('Bill_00000090','MREAD_00000090','PaymentID_00000090','2022-01-13','General Service','2022-02-13'),
('Bill_00000091','MREAD_00000091','PaymentID_00000091','2022-01-13','General Service','2022-02-13'),
('Bill_00000092','MREAD_00000092','PaymentID_00000092','2022-01-13','Residential','2022-02-13'),
('Bill_00000093','MREAD_00000093','PaymentID_00000093','2022-01-13','General Service','2022-02-13'),
('Bill_00000094','MREAD_00000094','PaymentID_00000094','2022-01-13','General Service','2022-02-13'),
('Bill_00000095','MREAD_00000095','PaymentID_00000095','2022-01-13','Residential','2022-02-13'),
('Bill_00000096','MREAD_00000096','PaymentID_00000096','2022-01-13','Residential','2022-02-13'),
('Bill_00000097','MREAD_00000097','PaymentID_00000097','2022-01-13','Large General Service','2022-02-13'),
('Bill_00000098','MREAD_00000098','PaymentID_00000098','2022-01-13','General Service','2022-02-13'),
('Bill_00000099','MREAD_00000099','PaymentID_00000099','2022-01-13','Residential','2022-02-13'),
('Bill_00000100','MREAD_00000100','PaymentID_00000100','2022-01-13','Residential','2022-02-13'),
('Bill_00000101','MREAD_00000101','PaymentID_00000101','2022-02-13','General Service','2022-03-13'),
('Bill_00000102','MREAD_00000102','PaymentID_00000102','2022-02-13','General Service','2022-03-13'),
('Bill_00000103','MREAD_00000103','PaymentID_00000103','2022-02-13','Residential','2022-03-13'),
('Bill_00000104','MREAD_00000104','PaymentID_00000104','2022-02-13','Residential','2022-03-13'),
('Bill_00000105','MREAD_00000105','PaymentID_00000105','2022-02-13','Large General Service','2022-03-13'),
('Bill_00000106','MREAD_00000106','PaymentID_00000106','2022-02-13','General Service','2022-03-13'),
('Bill_00000107','MREAD_00000107','PaymentID_00000107','2022-02-13','General Service','2022-03-13'),
('Bill_00000109','MREAD_00000109','PaymentID_00000109','2022-02-13','General Service','2022-03-13'),
('Bill_00000110','MREAD_00000110','PaymentID_00000110','2022-02-13','Residential','2022-03-13'),
('Bill_00000111','MREAD_00000111','PaymentID_00000111','2022-02-13','Residential','2022-03-13'),
('Bill_00000112','MREAD_00000112','PaymentID_00000112','2022-02-13','Residential','2022-03-13'),
('Bill_00000113','MREAD_00000113','PaymentID_00000113','2022-02-13','General Service','2022-03-13'),
('Bill_00000114','MREAD_00000114','PaymentID_00000114','2022-02-13','Residential','2022-03-13'),
('Bill_00000116','MREAD_00000116','PaymentID_00000116','2022-02-13','Residential','2022-03-13'),
('Bill_00000117','MREAD_00000117','PaymentID_00000117','2022-02-13','Residential','2022-03-13'),
('Bill_00000118','MREAD_00000118','PaymentID_00000118','2022-02-13','General Service','2022-03-13'),
('Bill_00000119','MREAD_00000119','PaymentID_00000119','2022-02-13','Residential','2022-03-13'),
('Bill_00000121','MREAD_00000121','PaymentID_00000121','2022-02-13','Large General Service','2022-03-13'),
('Bill_00000122','MREAD_00000122','PaymentID_00000122','2022-02-13','Large General Service','2022-03-13'),
('Bill_00000123','MREAD_00000123','PaymentID_00000123','2022-02-13','Large General Service','2022-03-13'),
('Bill_00000124','MREAD_00000124','PaymentID_00000124','2022-02-13','General Service','2022-03-13'),
('Bill_00000125','MREAD_00000125','PaymentID_00000125','2022-02-13','Residential','2022-03-13'),
('Bill_00000126','MREAD_00000126','PaymentID_00000126','2022-02-13','Residential','2022-03-13'),
('Bill_00000127','MREAD_00000127','PaymentID_00000127','2022-02-13','Residential','2022-03-13'),
('Bill_00000128','MREAD_00000128','PaymentID_00000128','2022-02-13','Residential','2022-03-13'),
('Bill_00000129','MREAD_00000129','PaymentID_00000129','2022-02-13','Residential','2022-03-13'),
('Bill_00000130','MREAD_00000130','PaymentID_00000130','2022-02-13','Residential','2022-03-13'),
('Bill_00000131','MREAD_00000131','PaymentID_00000131','2022-02-13','Residential','2022-03-13'),
('Bill_00000132','MREAD_00000132','PaymentID_00000132','2022-02-13','Large General Service','2022-03-13'),
('Bill_00000133','MREAD_00000133','PaymentID_00000133','2022-02-13','Residential','2022-03-13'),
('Bill_00000134','MREAD_00000134','PaymentID_00000134','2022-02-13','General Service','2022-03-13'),
('Bill_00000135','MREAD_00000135','PaymentID_00000135','2022-02-13','Residential','2022-03-13'),
('Bill_00000136','MREAD_00000136','PaymentID_00000136','2022-02-13','Large General Service','2022-03-13'),
('Bill_00000137','MREAD_00000137','PaymentID_00000137','2022-02-13','Residential','2022-03-13'),
('Bill_00000138','MREAD_00000138','PaymentID_00000138','2022-02-13','General Service','2022-03-13'),
('Bill_00000139','MREAD_00000139','PaymentID_00000139','2022-02-13','General Service','2022-03-13'),
('Bill_00000140','MREAD_00000140','PaymentID_00000140','2022-02-13','General Service','2022-03-13'),
('Bill_00000141','MREAD_00000141','PaymentID_00000141','2022-02-13','Residential','2022-03-13'),
('Bill_00000142','MREAD_00000142','PaymentID_00000142','2022-02-13','General Service','2022-03-13'),
('Bill_00000143','MREAD_00000143','PaymentID_00000143','2022-02-13','Residential','2022-03-13'),
('Bill_00000144','MREAD_00000144','PaymentID_00000144','2022-02-13','Residential','2022-03-13'),
('Bill_00000145','MREAD_00000145','PaymentID_00000145','2022-02-13','Large General Service','2022-03-13'),
('Bill_00000146','MREAD_00000146','PaymentID_00000146','2022-02-13','Residential','2022-03-13'),
('Bill_00000147','MREAD_00000147','PaymentID_00000147','2022-02-13','Residential','2022-03-13'),
('Bill_00000148','MREAD_00000148','PaymentID_00000148','2022-02-13','Residential','2022-03-13'),
('Bill_00000149','MREAD_00000149','PaymentID_00000149','2022-02-13','Large General Service','2022-03-13'),
('Bill_00000150','MREAD_00000150','PaymentID_00000150','2022-02-13','Residential','2022-03-13'),
('Bill_00000151','MREAD_00000151','PaymentID_00000003','2022-03-13','Large General Service','2022-04-13'),
('Bill_00000152','MREAD_00000152','PaymentID_00000143','2022-03-13','Residential','2022-04-13'),
('Bill_00000153','MREAD_00000153','PaymentID_00000090','2022-03-13','General Service','2022-04-13'),
('Bill_00000154','MREAD_00000154','PaymentID_00000091','2022-03-13','General Service','2022-04-13'),
('Bill_00000155','MREAD_00000155','PaymentID_00000124','2022-03-13','General Service','2022-04-13'),
('Bill_00000156','MREAD_00000156','PaymentID_00000003','2022-03-13','Large General Service','2022-04-13'),
('Bill_00000157','MREAD_00000157','PaymentID_00000143','2022-03-13','Residential','2022-04-13'),
('Bill_00000159','MREAD_00000159','PaymentID_00000004','2022-03-13','Large General Service','2022-04-13'),
('Bill_00000160','MREAD_00000160','PaymentID_00000128','2022-03-13','Residential','2022-04-13'),
('Bill_00000161','MREAD_00000161','PaymentID_00000090','2022-03-13','General Service','2022-04-13'),
('Bill_00000162','MREAD_00000162','PaymentID_00000091','2022-03-13','General Service','2022-04-13'),
('Bill_00000163','MREAD_00000163','PaymentID_00000090','2022-03-13','General Service','2022-04-13'),
('Bill_00000164','MREAD_00000164','PaymentID_00000091','2022-03-13','General Service','2022-04-13'),
('Bill_00000166','MREAD_00000166','PaymentID_00000128','2022-03-13','Residential','2022-04-13'),
('Bill_00000167','MREAD_00000167','PaymentID_00000007','2022-03-13','General Service','2022-04-13'),
('Bill_00000168','MREAD_00000168','PaymentID_00000128','2022-03-13','Residential','2022-04-13'),
('Bill_00000169','MREAD_00000169','PaymentID_00000129','2022-03-13','Residential','2022-04-13'),
('Bill_00000171','MREAD_00000171','PaymentID_00000073','2022-03-13','Large General Service','2022-04-13'),
('Bill_00000172','MREAD_00000172','PaymentID_00000009','2022-03-13','Residential','2022-04-13'),
('Bill_00000173','MREAD_00000173','PaymentID_00000010','2022-03-13','Residential','2022-04-13'),
('Bill_00000174','MREAD_00000174','PaymentID_00000128','2022-03-13','Residential','2022-04-13'),
('Bill_00000175','MREAD_00000175','PaymentID_00000129','2022-03-13','Residential','2022-04-13'),
('Bill_00000176','MREAD_00000176','PaymentID_00000060','2022-03-13','General Service','2022-04-13'),
('Bill_00000177','MREAD_00000177','PaymentID_00000073','2022-03-13','Large General Service','2022-04-13'),
('Bill_00000178','MREAD_00000178','PaymentID_00000129','2022-03-13','Residential','2022-04-13'),
('Bill_00000179','MREAD_00000179','PaymentID_00000059','2022-03-13','General Service','2022-04-13'),
('Bill_00000180','MREAD_00000180','PaymentID_00000060','2022-03-13','General Service','2022-04-13'),
('Bill_00000181','MREAD_00000181','PaymentID_00000073','2022-03-13','Large General Service','2022-04-13'),
('Bill_00000182','MREAD_00000182','PaymentID_00000068','2022-03-13','Residential','2022-04-13'),
('Bill_00000183','MREAD_00000183','PaymentID_00000069','2022-03-13','Residential','2022-04-13'),
('Bill_00000184','MREAD_00000184','PaymentID_00000090','2022-03-13','General Service','2022-04-13'),
('Bill_00000185','MREAD_00000185','PaymentID_00000091','2022-03-13','General Service','2022-04-13'),
('Bill_00000186','MREAD_00000186','PaymentID_00000003','2022-03-13','Large General Service','2022-04-13'),
('Bill_00000187','MREAD_00000187','PaymentID_00000128','2022-03-13','Residential','2022-04-13'),
('Bill_00000188','MREAD_00000188','PaymentID_00000059','2022-03-13','General Service','2022-04-13'),
('Bill_00000189','MREAD_00000189','PaymentID_00000060','2022-03-13','General Service','2022-04-13'),
('Bill_00000190','MREAD_00000190','PaymentID_00000003','2022-03-13','Large General Service','2022-04-13'),
('Bill_00000191','MREAD_00000191','PaymentID_00000050','2022-03-13','Residential','2022-04-13'),
('Bill_00000192','MREAD_00000192','PaymentID_00000051','2022-03-13','Residential','2022-04-13'),
('Bill_00000193','MREAD_00000193','PaymentID_00000091','2022-03-13','General Service','2022-04-13'),
('Bill_00000194','MREAD_00000194','PaymentID_00000003','2022-03-13','Large General Service','2022-04-13'),
('Bill_00000195','MREAD_00000195','PaymentID_00000128','2022-03-13','Residential','2022-04-13'),
('Bill_00000196','MREAD_00000196','PaymentID_00000078','2022-03-13','General Service','2022-04-13'),
('Bill_00000197','MREAD_00000197','PaymentID_00000079','2022-03-13','General Service','2022-04-13'),
('Bill_00000198','MREAD_00000198','PaymentID_00000136','2022-03-13','Large General Service','2022-04-13'),
('Bill_00000199','MREAD_00000199','PaymentID_00000128','2022-03-13','Residential','2022-04-13'),
('Bill_00000200','MREAD_00000200','PaymentID_00000078','2022-03-13','General Service','2022-04-13'),
('Bill_00000201','MREAD_00000201','PaymentID_00000079','2022-04-13','General Service','2022-05-13'),
('Bill_00000202','MREAD_00000202','PaymentID_00000068','2022-04-13','Residential','2022-05-13'),
('Bill_00000203','MREAD_00000203','PaymentID_00000069','2022-04-13','Residential','2022-05-13'),
('Bill_00000204','MREAD_00000204','PaymentID_00000122','2022-04-13','Large General Service','2022-05-13'),
('Bill_00000205','MREAD_00000205','PaymentID_00000050','2022-04-13','Residential','2022-05-13'),
('Bill_00000206','MREAD_00000206','PaymentID_00000051','2022-04-13','Residential','2022-05-13'),
('Bill_00000207','MREAD_00000207','PaymentID_00000006','2022-04-13','Residential','2022-05-13'),
('Bill_00000209','MREAD_00000209','PaymentID_00000122','2022-04-13','Large General Service','2022-05-13'),
('Bill_00000210','MREAD_00000210','PaymentID_00000009','2022-04-13','Residential','2022-05-13'),
('Bill_00000211','MREAD_00000211','PaymentID_00000010','2022-04-13','Residential','2022-05-13'),
('Bill_00000212','MREAD_00000212','PaymentID_00000006','2022-04-13','Residential','2022-05-13'),
('Bill_00000213','MREAD_00000213','PaymentID_00000091','2022-04-13','General Service','2022-05-13'),
('Bill_00000214','MREAD_00000214','PaymentID_00000138','2022-04-13','General Service','2022-05-13'),
('Bill_00000216','MREAD_00000216','PaymentID_00000006','2022-04-13','Residential','2022-05-13'),
('Bill_00000217','MREAD_00000217','PaymentID_00000078','2022-04-13','General Service','2022-05-13'),
('Bill_00000218','MREAD_00000218','PaymentID_00000125','2022-04-13','Residential','2022-05-13'),
('Bill_00000219','MREAD_00000219','PaymentID_00000126','2022-04-13','Residential','2022-05-13'),
('Bill_00000221','MREAD_00000221','PaymentID_00000122','2022-04-13','Large General Service','2022-05-13'),
('Bill_00000222','MREAD_00000222','PaymentID_00000150','2022-04-13','Residential','2022-05-13'),
('Bill_00000223','MREAD_00000223','PaymentID_00000079','2022-04-13','General Service','2022-05-13'),
('Bill_00000224','MREAD_00000224','PaymentID_00000050','2022-04-13','Residential','2022-05-13'),
('Bill_00000225','MREAD_00000225','PaymentID_00000051','2022-04-13','Residential','2022-05-13'),
('Bill_00000226','MREAD_00000226','PaymentID_00000078','2022-04-13','General Service','2022-05-13'),
('Bill_00000227','MREAD_00000227','PaymentID_00000122','2022-04-13','Large General Service','2022-05-13'),
('Bill_00000228','MREAD_00000228','PaymentID_00000150','2022-04-13','Residential','2022-05-13'),
('Bill_00000229','MREAD_00000229','PaymentID_00000138','2022-04-13','General Service','2022-05-13'),
('Bill_00000230','MREAD_00000230','PaymentID_00000125','2022-04-13','Residential','2022-05-13'),
('Bill_00000231','MREAD_00000231','PaymentID_00000126','2022-04-13','Residential','2022-05-13'),
('Bill_00000232','MREAD_00000232','PaymentID_00000136','2022-04-13','Large General Service','2022-05-13'),
('Bill_00000233','MREAD_00000233','PaymentID_00000125','2022-04-13','Residential','2022-05-13'),
('Bill_00000234','MREAD_00000234','PaymentID_00000126','2022-04-13','Residential','2022-05-13'),
('Bill_00000235','MREAD_00000235','PaymentID_00000059','2022-04-13','General Service','2022-05-13'),
('Bill_00000236','MREAD_00000236','PaymentID_00000150','2022-04-13','Residential','2022-05-13'),
('Bill_00000237','MREAD_00000237','PaymentID_00000136','2022-04-13','Large General Service','2022-05-13'),
('Bill_00000238','MREAD_00000238','PaymentID_00000150','2022-04-13','Residential','2022-05-13'),
('Bill_00000239','MREAD_00000239','PaymentID_00000138','2022-04-13','General Service','2022-05-13'),
('Bill_00000240','MREAD_00000240','PaymentID_00000150','2022-04-13','Residential','2022-05-13'),
('Bill_00000241','MREAD_00000241','PaymentID_00000059','2022-04-13','General Service','2022-05-13'),
('Bill_00000242','MREAD_00000242','PaymentID_00000136','2022-04-13','Large General Service','2022-05-13'),
('Bill_00000243','MREAD_00000243','PaymentID_00000006','2022-04-13','Residential','2022-05-13'),
('Bill_00000244','MREAD_00000244','PaymentID_00000060','2022-04-13','General Service','2022-05-13'),
('Bill_00000245','MREAD_00000245','PaymentID_00000145','2022-04-13','Large General Service','2022-05-13'),
('Bill_00000246','MREAD_00000246','PaymentID_00000009','2022-04-13','Residential','2022-05-13'),
('Bill_00000247','MREAD_00000247','PaymentID_00000010','2022-04-13','Residential','2022-05-13'),
('Bill_00000248','MREAD_00000248','PaymentID_00000145','2022-04-13','Large General Service','2022-05-13'),
('Bill_00000249','MREAD_00000249','PaymentID_00000006','2022-04-13','Residential','2022-05-13'),
('Bill_00000250','MREAD_00000250','PaymentID_00000145','2022-04-13','Large General Service','2022-05-13')


-- Insert into PAYMENT table
INSERT INTO PAYMENT (PaymentID, Payment_Mode, Payment_Date, Payment_Status, CardNumber) VALUES
('PaymentID_00000001','Credit Card','2022-01-12','Completed',6011407244787827),
('PaymentID_00000002','Bank Payment','2022-01-12','Completed',NULL),
('PaymentID_00000003','Check','2022-01-12','Failed',NULL),
('PaymentID_00000004','Check','2022-01-12','Completed',NULL),
('PaymentID_00000005','Check','2022-01-12','Completed',NULL),
('PaymentID_00000006','Check','2022-05-12','Pending',NULL),
('PaymentID_00000007','Bank Payment','2022-01-11','Pending',NULL),
('PaymentID_00000008','Bank Payment','2022-03-11','Completed',NULL),
('PaymentID_00000009','Bank Payment','2022-04-11','Completed',NULL),
('PaymentID_00000010','Bank Payment','2022-05-11','Failed',NULL),
('PaymentID_00000011','Credit Card','2022-01-11','Pending',5293380637542284),
('PaymentID_00000012','Credit Card','2022-01-10','Failed',5293380637542284),
('PaymentID_00000013','Bank Payment','2022-01-10','Completed',NULL),
('PaymentID_00000014','Bank Payment','2022-01-10','Completed',NULL),
('PaymentID_00000015','Credit Card','2022-01-10','Completed',4485630690719919),
('PaymentID_00000016','Credit Card','2022-01-10','Completed',4024007182779925),
('PaymentID_00000017','Credit Card','2022-01-10','Completed',4556200827598208),
('PaymentID_00000018','Check','2022-01-10','Pending',NULL),
('PaymentID_00000019','Credit Card','2022-01-14','Failed',4716406151649015),
('PaymentID_00000020','Cash','2022-01-14','Failed',NULL),
('PaymentID_00000021','Cash','2022-01-14','Failed',NULL),
('PaymentID_00000022','Bank Payment','2022-01-14','Pending',NULL),
('PaymentID_00000023','Check','2022-01-14','Pending',NULL),
('PaymentID_00000024','Check','2022-01-14','Completed',NULL),
('PaymentID_00000025','Bank Payment','2022-01-14','Failed',NULL),
('PaymentID_00000026','Cash','2022-01-14','Failed',NULL),
('PaymentID_00000027','Cash','2022-01-09','Completed',NULL),
('PaymentID_00000028','Credit Card','2022-01-09','Completed',5144924465287487),
('PaymentID_00000029','Credit Card','2022-01-09','Pending',5352976592563583),
('PaymentID_00000030','Cash','2022-01-09','Completed',NULL),
('PaymentID_00000031','Bank Payment','2022-01-09','Completed',NULL),
('PaymentID_00000032','Check','2022-01-09','Pending',NULL),
('PaymentID_00000033','Check','2022-01-09','Completed',NULL),
('PaymentID_00000034','Check','2022-01-09','Completed',NULL),
('PaymentID_00000035','Bank Payment','2022-01-19','Pending',NULL),
('PaymentID_00000036','Credit Card','2022-01-19','Completed',6011407244787827),
('PaymentID_00000037','Credit Card','2022-01-19','Pending',6011553026530354),
('PaymentID_00000038','Cash','2022-01-19','Pending',NULL),
('PaymentID_00000039','Cash','2022-01-19','Completed',NULL),
('PaymentID_00000040','Cash','2022-01-19','Failed',NULL),
('PaymentID_00000041','Credit Card','2022-01-19','Failed',341521138611648),
('PaymentID_00000042','Credit Card','2022-01-12','Completed',347901473666684),
('PaymentID_00000043','Cash','2022-01-12','Pending',NULL),
('PaymentID_00000044','Cash','2022-01-12','Completed',NULL),
('PaymentID_00000045','Cash','2022-01-12','Completed',NULL),
('PaymentID_00000046','Bank Payment','2022-01-12','Completed',NULL),
('PaymentID_00000047','Check','2022-01-11','Failed',NULL),
('PaymentID_00000048','Check','2022-01-11','Pending',NULL),
('PaymentID_00000049','Credit Card','2022-01-11','Failed',347901473666684),
('PaymentID_00000050','Bank Payment','2022-05-05','Completed',NULL),
('PaymentID_00000051','Credit Card','2022-05-05','Completed',377250117108056),
('PaymentID_00000052','Credit Card','2022-02-12','Pending',348125436426767),
('PaymentID_00000053','Check','2022-02-12','Completed',NULL),
('PaymentID_00000054','Cash','2022-02-12','Failed',NULL),
('PaymentID_00000055','Cash','2022-02-12','Completed',NULL),
('PaymentID_00000056','Cash','2022-02-12','Completed',NULL),
('PaymentID_00000057','Credit Card','2022-02-11','Pending',379631962140005),
('PaymentID_00000058','Check','2022-02-11','Pending',NULL),
('PaymentID_00000059','Check','2022-05-11','Completed',NULL),
('PaymentID_00000060','Credit Card','2022-02-11','Failed',372170148064349),
('PaymentID_00000061','Cash','2022-02-11','Failed',NULL),
('PaymentID_00000062','Check','2022-02-10','Completed',NULL),
('PaymentID_00000063','Cash','2022-02-10','Completed',NULL),
('PaymentID_00000064','Cash','2022-02-10','Pending',NULL),
('PaymentID_00000065','Bank Payment','2022-02-10','Pending',NULL),
('PaymentID_00000066','Bank Payment','2022-02-10','Completed',NULL),
('PaymentID_00000067','Check','2022-02-10','Failed',NULL),
('PaymentID_00000068','Check','2022-02-10','Completed',NULL),
('PaymentID_00000069','Cash','2022-02-14','Completed',NULL),
('PaymentID_00000070','Credit Card','2022-02-14','Completed',377250117108056),
('PaymentID_00000071','Credit Card','2022-02-14','Pending',348125436426767),
('PaymentID_00000072','Cash','2022-02-14','Failed',NULL),
('PaymentID_00000073','Bank Payment','2022-02-14','Completed',NULL),
('PaymentID_00000074','Bank Payment','2022-02-14','Pending',NULL),
('PaymentID_00000075','Check','2022-02-14','Completed',NULL),
('PaymentID_00000076','Check','2022-02-14','Completed',NULL),
('PaymentID_00000077','Check','2022-02-09','Completed',NULL),
('PaymentID_00000078','Check','2022-05-05','Failed',NULL),
('PaymentID_00000079','Bank Payment','2022-05-05','Pending',NULL),
('PaymentID_00000080','Cash','2022-02-09','Completed',NULL),
('PaymentID_00000081','Bank Payment','2022-02-09','Pending',NULL),
('PaymentID_00000082','Cash','2022-02-09','Pending',NULL),
('PaymentID_00000083','Credit Card','2022-02-09','Completed',377575745573838),
('PaymentID_00000084','Credit Card','2022-02-09','Pending',375924586218404),
('PaymentID_00000085','Credit Card','2022-02-19','Completed',372854316178011),
('PaymentID_00000086','Bank Payment','2022-02-19','Pending',NULL),
('PaymentID_00000087','Credit Card','2022-02-19','Pending',375924586218404),
('PaymentID_00000088','Credit Card','2022-02-19','Completed',375924586218405),
('PaymentID_00000089','Check','2022-02-19','Failed',NULL),
('PaymentID_00000090','Check','2022-02-19','Completed',NULL),
('PaymentID_00000091','Check','2022-05-05','Completed',NULL),
('PaymentID_00000092','Cash','2022-02-12','Completed',NULL),
('PaymentID_00000093','Cash','2022-02-12','Completed',NULL),
('PaymentID_00000094','Credit Card','2022-02-12','Completed',375924586218404),
('PaymentID_00000095','Cash','2022-02-12','Completed',NULL),
('PaymentID_00000096','Bank Payment','2022-02-12','Completed',NULL),
('PaymentID_00000097','Bank Payment','2022-02-11','Pending',NULL),
('PaymentID_00000098','Check','2022-02-11','Completed',NULL),
('PaymentID_00000099','Check','2022-02-11','Completed',NULL),
('PaymentID_00000100','Credit Card','2022-02-10','Completed',377212145432478),
('PaymentID_00000101','Credit Card','2022-03-12','Pending',374100053734311),
('PaymentID_00000102','Credit Card','2022-03-12','Pending',375924586218404),
('PaymentID_00000103','Credit Card','2022-03-12','Completed',372854316178011),
('PaymentID_00000104','Cash','2022-03-12','Completed',NULL),
('PaymentID_00000105','Bank Payment','2022-03-12','Completed',NULL),
('PaymentID_00000106','Cash','2022-03-12','Completed',NULL),
('PaymentID_00000107','Check','2022-03-12','Completed',NULL),
('PaymentID_00000108','Cash','2022-03-12','Completed',NULL),
('PaymentID_00000109','Bank Payment','2022-03-11','Completed',NULL),
('PaymentID_00000110','Bank Payment','2022-03-11','Completed',NULL),
('PaymentID_00000111','Bank Payment','2022-03-11','Pending',NULL),
('PaymentID_00000112','Check','2022-03-11','Completed',NULL),
('PaymentID_00000113','Check','2022-03-11','Completed',NULL),
('PaymentID_00000114','Check','2022-03-10','Pending',NULL),
('PaymentID_00000115','Bank Payment','2022-03-10','Completed',NULL),
('PaymentID_00000116','Bank Payment','2022-03-10','Completed',NULL),
('PaymentID_00000117','Bank Payment','2022-03-10','Completed',NULL),
('PaymentID_00000118','Credit Card','2022-03-10','Completed',345351848468790),
('PaymentID_00000119','Bank Payment','2022-03-10','Completed',NULL),
('PaymentID_00000120','Cash','2022-03-10','Completed',NULL),
('PaymentID_00000121','Credit Card','2022-03-14','Completed',345351848468790),
('PaymentID_00000122','Check','2022-05-05','Completed',NULL),
('PaymentID_00000123','Bank Payment','2022-03-14','Completed',NULL),
('PaymentID_00000124','Check','2022-03-14','Completed',NULL),
('PaymentID_00000125','Check','2022-05-05','Completed',NULL),
('PaymentID_00000126','Bank Payment','2022-05-05','Pending',NULL),
('PaymentID_00000127','Credit Card','2022-03-14','Pending',372642916773137),
('PaymentID_00000128','Credit Card','2022-03-14','Pending',345351848468790),
('PaymentID_00000129','Cash','2022-03-09','Completed',NULL),
('PaymentID_00000130','Cash','2022-03-09','Completed',NULL),
('PaymentID_00000131','Cash','2022-03-09','Completed',NULL),
('PaymentID_00000132','Cash','2022-03-09','Completed',NULL),
('PaymentID_00000133','Credit Card','2022-03-09','Completed',340526485511474),
('PaymentID_00000134','Check','2022-03-09','Completed',NULL),
('PaymentID_00000135','Credit Card','2022-03-09','Pending',340190240894111),
('PaymentID_00000136','Credit Card','2022-05-05','Failed',342972097671389),
('PaymentID_00000137','Bank Payment','2022-03-19','Failed',NULL),
('PaymentID_00000138','Bank Payment','2022-05-05','Pending',NULL),
('PaymentID_00000139','Credit Card','2022-03-19','Failed',342972097671389),
('PaymentID_00000140','Check','2022-03-19','Completed',NULL),
('PaymentID_00000141','Bank Payment','2022-03-19','Completed',NULL),
('PaymentID_00000142','Cash','2022-03-19','Completed',NULL),
('PaymentID_00000143','Check','2022-03-19','Failed',NULL),
('PaymentID_00000144','Check','2022-03-12','Completed',NULL),
('PaymentID_00000145','Cash','2022-05-12','Completed',NULL),
('PaymentID_00000146','Cash','2022-03-12','Completed',NULL),
('PaymentID_00000147','Bank Payment','2022-03-12','Completed',NULL),
('PaymentID_00000148','Check','2022-03-12','Failed',NULL),
('PaymentID_00000149','Check','2022-03-11','Completed',NULL),
('PaymentID_00000150','Check','2022-05-11','Pending',NULL)